instrument_name,type,expiry_date,strike,T_years,S0,market_price_btc,market_price_usd,mark_iv,bid_btc,ask_btc,spread_pct,open_interest
BTC-7DEC25-86000-P,put,7DEC25,86000.0,0.00626,92497.5142857143,0.00061472,56.86007198171429,52.08,0.0006,0.0008,0.3254,39.1
BTC-7DEC25-88000-P,put,7DEC25,88000.0,0.00626,92497.5142857143,0.00149659,138.43085490485714,46.86,0.0013,0.0017,0.2673,243.3
BTC-7DEC25-89000-C,call,7DEC25,89000.0,0.00626,92496.54285714285,0.04011445,3710.4479436157144,44.02,0.0395,0.0415,0.0499,0.5
BTC-7DEC25-89000-P,put,7DEC25,89000.0,0.00626,92496.54285714285,0.00231258,213.9056550805714,44.02,0.0021,0.0025,0.173,49.7
BTC-7DEC25-90000-C,call,7DEC25,90000.0,0.00626,92496.54285714285,0.03068849,2838.5792305059995,41.64,0.03,0.032,0.0652,5.1
BTC-7DEC25-90000-P,put,7DEC25,90000.0,0.00626,92496.54285714285,0.00369783,342.0364910734285,41.64,0.0035,0.0039,0.1082,39.7
BTC-7DEC25-91000-C,call,7DEC25,91000.0,0.00626,92496.54285714285,0.02220214,2053.6211940302856,39.87,0.0215,0.0235,0.0901,14.9
BTC-7DEC25-91000-P,put,7DEC25,91000.0,0.00626,92496.54285714285,0.0060227,557.0789286657142,39.87,0.0055,0.0065,0.166,35.1
BTC-7DEC25-92000-C,call,7DEC25,92000.0,0.00626,92496.54285714285,0.01492373,1380.3934315334284,38.29,0.0145,0.0155,0.067,22.1
BTC-7DEC25-92000-P,put,7DEC25,92000.0,0.00626,92496.54285714285,0.0095555,883.8507152714285,38.29,0.009,0.01,0.1047,29.9
BTC-7DEC25-93000-C,call,7DEC25,93000.0,0.00626,92496.54285714285,0.00915239,846.5644338802856,36.89,0.0085,0.0095,0.1093,30.1
BTC-7DEC25-93000-P,put,7DEC25,93000.0,0.00626,92496.54285714285,0.01459537,1350.021266720857,36.89,0.014,0.015,0.0685,29.2
BTC-7DEC25-94000-C,call,7DEC25,94000.0,0.00626,92496.54285714285,0.00518677,479.75829359514285,36.27,0.0048,0.0055,0.135,110.9
BTC-7DEC25-94000-P,put,7DEC25,94000.0,0.00626,92496.54285714285,0.02144097,1983.215600503714,36.27,0.02,0.022,0.0933,160.6
BTC-7DEC25-95000-C,call,7DEC25,95000.0,0.00626,92496.54285714285,0.0027421,253.6347701685714,36.19,0.0024,0.0028,0.1459,16.5
BTC-7DEC25-95000-P,put,7DEC25,95000.0,0.00626,92496.54285714285,0.02980752,2757.092551145143,36.19,0.028,0.0305,0.0839,0.0
BTC-7DEC25-96000-C,call,7DEC25,96000.0,0.00626,92496.54285714285,0.00134591,124.49202199685713,36.29,0.0011,0.0015,0.2972,57.1
BTC-7DEC25-97000-C,call,7DEC25,97000.0,0.00626,92496.54285714285,0.00067321,62.26959761685714,37.18,0.0006,0.0008,0.2971,22.0
BTC-8DEC25-86000-P,put,8DEC25,86000.0,0.009,92508.13714285714,0.00137029,126.7629752454857,51.23,0.0012,0.0015,0.2189,165.1
BTC-8DEC25-88000-C,call,8DEC25,88000.0,0.009,92506.12000000001,0.05147484,4761.7377260208,46.46,0.0505,0.053,0.0486,0.0
BTC-8DEC25-88000-P,put,8DEC25,88000.0,0.009,92506.12000000001,0.00276138,255.4445496456,46.46,0.0025,0.0027,0.0724,28.3
BTC-8DEC25-89000-C,call,8DEC25,89000.0,0.009,92506.12000000001,0.04189884,3875.8991209008004,44.31,0.041,0.0435,0.0597,0.0
BTC-8DEC25-89000-P,put,8DEC25,89000.0,0.009,92506.12000000001,0.00399546,369.60450221520006,44.31,0.0037,0.0042,0.1251,0.4
BTC-8DEC25-90000-C,call,8DEC25,90000.0,0.009,92506.12000000001,0.03295349,3048.3995003588007,42.49,0.032,0.0345,0.0759,0.0
BTC-8DEC25-90000-P,put,8DEC25,90000.0,0.009,92506.12000000001,0.00586018,542.1025143016001,42.49,0.0055,0.006,0.0853,19.1
BTC-8DEC25-91000-C,call,8DEC25,91000.0,0.009,92506.12000000001,0.02488529,2302.0416229748002,41.01,0.024,0.0255,0.0603,0.0
BTC-8DEC25-91000-P,put,8DEC25,91000.0,0.009,92508.13714285714,0.00860206,795.7605461910857,41.01,0.008,0.009,0.1163,10.6
BTC-8DEC25-92000-C,call,8DEC25,92000.0,0.009,92506.12000000001,0.0178173,1648.2092918760002,39.54,0.0175,0.0185,0.0561,5.1
BTC-8DEC25-92000-P,put,8DEC25,92000.0,0.009,92506.12000000001,0.01234414,1141.9084961368,39.54,0.012,0.013,0.081,18.0
BTC-8DEC25-93000-C,call,8DEC25,93000.0,0.009,92506.12000000001,0.01219615,1128.2185154380002,38.77,0.0115,0.0125,0.082,38.7
BTC-8DEC25-93000-P,put,8DEC25,93000.0,0.009,92506.30142857143,0.01753306,1621.9185333252285,38.77,0.017,0.018,0.057,42.6
BTC-8DEC25-94000-C,call,8DEC25,94000.0,0.009,92509.35857142857,0.00795778,736.1691234525429,38.37,0.0075,0.008,0.0628,106.5
BTC-8DEC25-94000-P,put,8DEC25,94000.0,0.009,92506.12000000001,0.02410478,2229.8396712536,38.37,0.0225,0.025,0.1037,100.0
BTC-8DEC25-95000-C,call,8DEC25,95000.0,0.009,92506.12000000001,0.0049425,457.21149810000003,38.18,0.0046,0.005,0.0809,25.3
BTC-8DEC25-95000-P,put,8DEC25,95000.0,0.009,92506.12000000001,0.03189957,2950.9054503684006,38.18,0.03,0.0325,0.0784,1.0
BTC-8DEC25-96000-C,call,8DEC25,96000.0,0.009,92506.12000000001,0.0029622,274.02162866400005,38.29,0.0026,0.003,0.135,11.8
BTC-8DEC25-96000-P,put,8DEC25,96000.0,0.009,92509.35857142857,0.04072934,3767.845118437629,38.29,0.039,0.042,0.0737,0.1
BTC-8DEC25-97000-C,call,8DEC25,97000.0,0.009,92508.13714285714,0.00169632,156.92340319817143,38.44,0.0015,0.0017,0.1179,3.5
BTC-8DEC25-98000-C,call,8DEC25,98000.0,0.009,92506.12000000001,0.00095191,88.05750068920001,38.82,0.0008,0.0011,0.3152,1.2
BTC-12DEC25-75000-P,put,12DEC25,75000.0,0.01996,92540.8,0.00061785,57.17633328,71.47,0.0005,0.0007,0.3237,1700.6
BTC-12DEC25-78000-P,put,12DEC25,78000.0,0.01996,92540.8,0.0011488,106.31087104,66.28,0.001,0.0013,0.2611,1079.1
BTC-12DEC25-80000-P,put,12DEC25,80000.0,0.01996,92541.45,0.00184402,170.648284629,63.58,0.0017,0.0019,0.1085,2919.8
BTC-12DEC25-81000-P,put,12DEC25,81000.0,0.01996,92541.45,0.00225373,208.56344210849997,61.79,0.0021,0.0024,0.1331,230.1
BTC-12DEC25-82000-C,call,12DEC25,82000.0,0.01996,92541.45,0.11670672,10800.209093544,60.21,0.116,0.118,0.0171,104.1
BTC-12DEC25-82000-P,put,12DEC25,82000.0,0.01996,92541.45,0.00279614,258.75885000299996,60.21,0.0026,0.0029,0.1073,958.0
BTC-12DEC25-83000-P,put,12DEC25,83000.0,0.01996,92540.8,0.00344578,318.875237824,58.54,0.0033,0.0036,0.0871,726.9
BTC-12DEC25-84000-C,call,12DEC25,84000.0,0.01996,92540.8,0.0966094,8940.31116352,57.12,0.096,0.098,0.0207,94.7
BTC-12DEC25-84000-P,put,12DEC25,84000.0,0.01996,92540.8,0.00431075,398.9202536,57.12,0.0041,0.0046,0.116,1191.1
BTC-12DEC25-85000-C,call,12DEC25,85000.0,0.01996,92540.8,0.0868886,8040.74055488,55.76,0.086,0.0885,0.0288,63.5
BTC-12DEC25-85000-P,put,12DEC25,85000.0,0.01996,92540.8,0.00539593,499.34367894400003,55.76,0.005,0.006,0.1853,872.1
BTC-12DEC25-86000-C,call,12DEC25,86000.0,0.01996,92540.8,0.0773585,7158.8174768,54.23,0.0765,0.079,0.0323,274.0
BTC-12DEC25-86000-P,put,12DEC25,86000.0,0.01996,92541.45,0.0066718,617.41804611,54.23,0.0065,0.007,0.0749,920.8
BTC-12DEC25-87000-C,call,12DEC25,87000.0,0.01996,92540.8,0.06828216,6318.885712128,53.13,0.067,0.0695,0.0366,595.8
BTC-12DEC25-87000-P,put,12DEC25,87000.0,0.01996,92540.8,0.00840143,777.475053344,53.13,0.008,0.009,0.119,317.4
BTC-12DEC25-88000-C,call,12DEC25,88000.0,0.01996,92540.8,0.05960003,5515.434456224,52.07,0.0585,0.061,0.0419,1004.3
BTC-12DEC25-88000-P,put,12DEC25,88000.0,0.01996,92540.8,0.01052526,974.0159806080001,52.07,0.01,0.011,0.095,583.8
BTC-12DEC25-89000-C,call,12DEC25,89000.0,0.01996,92540.8,0.05134236,4751.263068288,50.98,0.0505,0.0525,0.039,295.1
BTC-12DEC25-89000-P,put,12DEC25,89000.0,0.01996,92541.45,0.01307357,1209.8471244764999,50.98,0.0125,0.0135,0.0765,664.8
BTC-12DEC25-90000-C,call,12DEC25,90000.0,0.01996,92540.8,0.04363844,4038.3361483520002,49.98,0.043,0.0445,0.0344,1360.4
BTC-12DEC25-90000-P,put,12DEC25,90000.0,0.01996,92540.8,0.01617561,1496.903889888,49.98,0.0155,0.0165,0.0618,646.3
BTC-12DEC25-91000-C,call,12DEC25,91000.0,0.01996,92541.45,0.03648607,3376.4738226015,48.96,0.036,0.0375,0.0411,1026.7
BTC-12DEC25-91000-P,put,12DEC25,91000.0,0.01996,92540.8,0.01982921,1835.0109567680001,48.96,0.0195,0.0205,0.0504,481.9
BTC-12DEC25-92000-C,call,12DEC25,92000.0,0.01996,92541.45,0.03013384,2788.6292476679996,48.25,0.0295,0.0305,0.0332,567.2
BTC-12DEC25-92000-P,put,12DEC25,92000.0,0.01996,92540.8,0.02428295,2247.16361936,48.25,0.024,0.0245,0.0206,956.9
BTC-12DEC25-93000-C,call,12DEC25,93000.0,0.01996,92540.8,0.0246035,2276.8275728000003,47.81,0.024,0.025,0.0406,1209.1
BTC-12DEC25-93000-P,put,12DEC25,93000.0,0.01996,92540.8,0.02955858,2735.3746400640002,47.81,0.029,0.03,0.0338,647.7
BTC-12DEC25-94000-C,call,12DEC25,94000.0,0.01996,92541.45,0.01966307,1819.6490092515,47.21,0.019,0.02,0.0509,581.6
BTC-12DEC25-94000-P,put,12DEC25,94000.0,0.01996,92541.45,0.03542412,3278.1994297740002,47.21,0.035,0.036,0.0282,177.0
BTC-12DEC25-95000-C,call,12DEC25,95000.0,0.01996,92540.8,0.01571437,1454.220371296,47.19,0.015,0.016,0.0636,1458.7
BTC-12DEC25-95000-P,put,12DEC25,95000.0,0.01996,92540.8,0.04228138,3912.752730304,47.19,0.041,0.0425,0.0355,20.1
BTC-12DEC25-96000-C,call,12DEC25,96000.0,0.01996,92541.45,0.01231173,1139.3453462085,47.01,0.0115,0.0125,0.0812,1657.6
BTC-12DEC25-96000-P,put,12DEC25,96000.0,0.01996,92540.8,0.04968471,4597.862811168,47.01,0.048,0.05,0.0403,104.0
BTC-12DEC25-98000-C,call,12DEC25,98000.0,0.01996,92540.8,0.00732439,677.804910112,46.97,0.0065,0.0075,0.1365,1106.7
BTC-12DEC25-100000-C,call,12DEC25,100000.0,0.01996,92540.8,0.00412021,381.287529568,46.95,0.0038,0.0042,0.0971,3081.4
BTC-12DEC25-100000-P,put,12DEC25,100000.0,0.01996,92540.8,0.08471707,7839.785431456001,46.95,0.0825,0.086,0.0413,42.9
BTC-12DEC25-105000-C,call,12DEC25,105000.0,0.01996,92540.8,0.00110449,102.21038819200001,49.99,0.001,0.0013,0.2716,2210.5
BTC-12DEC25-105000-P,put,12DEC25,105000.0,0.01996,92540.8,0.13573119,12560.672907552,49.99,0.1345,0.137,0.0184,281.5
BTC-12DEC25-108000-C,call,12DEC25,108000.0,0.01996,92540.8,0.00058868,54.476918143999995,53.14,0.0005,0.0006,0.1699,945.3
BTC-12DEC25-108000-P,put,12DEC25,108000.0,0.01996,92540.8,0.16763328,15512.917837824,53.14,0.1665,0.169,0.0149,27.3
BTC-19DEC25-70000-P,put,19DEC25,70000.0,0.03913,92611.94,0.00105416,97.6278026704,71.0,0.0009,0.0012,0.2846,582.2
BTC-19DEC25-75000-P,put,19DEC25,75000.0,0.03913,92611.94,0.00235219,217.8408791486,64.52,0.0022,0.0024,0.085,1102.0
BTC-19DEC25-80000-C,call,19DEC25,80000.0,0.03913,92611.94,0.1414764,13102.403868216,58.59,0.1405,0.143,0.0177,876.0
BTC-19DEC25-80000-P,put,19DEC25,80000.0,0.03913,92611.94,0.00529646,490.5154357324,58.59,0.005,0.0055,0.0944,2344.0
BTC-19DEC25-82000-P,put,19DEC25,82000.0,0.03913,92611.94,0.00732038,677.9545933372,56.38,0.007,0.0075,0.0683,583.7
BTC-19DEC25-83000-P,put,19DEC25,83000.0,0.03913,92614.98000000001,0.00857943,794.5837378614002,55.27,0.008,0.009,0.1166,65.1
BTC-19DEC25-84000-C,call,19DEC25,84000.0,0.03913,92611.94,0.10308205,9546.628629677,54.28,0.102,0.1045,0.0243,119.4
BTC-19DEC25-84000-P,put,19DEC25,84000.0,0.03913,92611.94,0.01009312,934.7434238528001,54.28,0.0095,0.0105,0.0991,185.3
BTC-19DEC25-85000-C,call,19DEC25,85000.0,0.03913,92611.94,0.09385164,8691.7824525816,52.95,0.039,0.0,-0.4155,6.4
BTC-19DEC25-85000-P,put,19DEC25,85000.0,0.03913,92611.94,0.01166046,1079.8978218923999,52.95,0.0115,0.012,0.0429,729.6
BTC-19DEC25-86000-C,call,19DEC25,86000.0,0.03913,92611.94,0.08519374,7889.957537255601,52.21,0.0845,0.0865,0.0235,44.8
BTC-19DEC25-86000-P,put,19DEC25,86000.0,0.03913,92611.94,0.0138003,1278.072555582,52.21,0.0135,0.014,0.0362,447.4
BTC-19DEC25-87000-C,call,19DEC25,87000.0,0.03913,92611.94,0.07674825,7107.804324105001,51.3,0.076,0.078,0.0261,255.6
BTC-19DEC25-87000-P,put,19DEC25,87000.0,0.03913,92615.315,0.01615257,1495.97535860955,51.3,0.016,0.0165,0.031,554.3
BTC-19DEC25-88000-C,call,19DEC25,88000.0,0.03913,92611.94,0.06854693,6348.264168344201,50.26,0.068,0.07,0.0292,975.4
BTC-19DEC25-88000-P,put,19DEC25,88000.0,0.03913,92611.94,0.018749,1736.3812630599998,50.26,0.0185,0.0195,0.0533,87.8
BTC-19DEC25-89000-C,call,19DEC25,89000.0,0.03913,92611.87999999999,0.06091445,5641.401733666,49.52,0.06,0.062,0.0328,25.9
BTC-19DEC25-89000-P,put,19DEC25,89000.0,0.03913,92611.94,0.02191427,2029.5230583838,49.52,0.0215,0.0225,0.0456,114.9
BTC-19DEC25-90000-C,call,19DEC25,90000.0,0.03913,92611.94,0.05362994,4966.7727854836,48.69,0.053,0.0545,0.028,441.9
BTC-19DEC25-90000-P,put,19DEC25,90000.0,0.03913,92611.94,0.02542751,2354.8910304694,48.69,0.025,0.026,0.0393,192.7
BTC-19DEC25-91000-C,call,19DEC25,91000.0,0.03913,92611.94,0.04686038,4339.8307009372,47.97,0.0465,0.0475,0.0213,204.9
BTC-19DEC25-91000-P,put,19DEC25,91000.0,0.03913,92611.94,0.0294557,2727.9495210580003,47.97,0.029,0.03,0.0339,53.6
BTC-19DEC25-92000-C,call,19DEC25,92000.0,0.03913,92611.94,0.0406211,3761.998875934,47.34,0.04,0.041,0.0246,326.0
BTC-19DEC25-92000-P,put,19DEC25,92000.0,0.03913,92611.94,0.03401417,3150.1182711898005,47.34,0.0335,0.0345,0.0294,201.3
BTC-19DEC25-93000-C,call,19DEC25,93000.0,0.03913,92628.075,0.03504739,3246.3722694742496,46.93,0.0345,0.0355,0.0285,216.4
BTC-19DEC25-93000-P,put,19DEC25,93000.0,0.03913,92614.04,0.03923822,3634.0100766087994,46.93,0.0385,0.0395,0.0255,57.0
BTC-19DEC25-94000-C,call,19DEC25,94000.0,0.03913,92611.94,0.02983305,2762.8966366170002,46.35,0.0295,0.03,0.0168,405.7
BTC-19DEC25-94000-P,put,19DEC25,94000.0,0.03913,92611.94,0.04482163,4151.0181082622,46.35,0.0445,0.045,0.0112,32.9
BTC-19DEC25-95000-C,call,19DEC25,95000.0,0.03913,92611.94,0.02526554,2339.8906745476,45.96,0.0245,0.0255,0.0396,771.8
BTC-19DEC25-95000-P,put,19DEC25,95000.0,0.03913,92611.94,0.05105186,4728.0117952084,45.96,0.0505,0.0515,0.0196,8.1
BTC-19DEC25-96000-C,call,19DEC25,96000.0,0.03913,92611.94,0.02146354,1987.7800786676,45.95,0.0205,0.0215,0.0466,420.2
BTC-19DEC25-96000-P,put,19DEC25,96000.0,0.03913,92611.94,0.05804762,5375.9027005828,45.95,0.0565,0.0585,0.0345,3.7
BTC-19DEC25-97000-C,call,19DEC25,97000.0,0.03913,92614.04,0.01789707,1657.5199568628,45.63,0.017,0.018,0.0559,19.8
BTC-19DEC25-97000-P,put,19DEC25,97000.0,0.03913,92611.94,0.06527889,6045.604643946601,45.63,0.0635,0.066,0.0383,0.4
BTC-19DEC25-98000-C,call,19DEC25,98000.0,0.03913,92611.94,0.01485034,1375.3187970596,45.42,0.014,0.015,0.0673,617.9
BTC-19DEC25-98000-P,put,19DEC25,98000.0,0.03913,92611.94,0.07302991,6763.4416431254,45.42,0.0715,0.0735,0.0274,39.3
BTC-19DEC25-99000-C,call,19DEC25,99000.0,0.03913,92611.94,0.01236384,1145.0392082496,45.46,0.0115,0.0125,0.0809,277.1
BTC-19DEC25-100000-C,call,19DEC25,100000.0,0.03913,92614.98000000001,0.01037113,960.5219975274,45.75,0.0095,0.0105,0.0964,252.3
BTC-19DEC25-105000-C,call,19DEC25,105000.0,0.03913,92611.94,0.00370497,343.12445934180005,45.98,0.0034,0.0037,0.081,1318.9
BTC-19DEC25-115000-C,call,19DEC25,115000.0,0.03913,92611.94,0.00078924,73.0930475256,52.59,0.0007,0.0009,0.2534,879.1
BTC-26DEC25-20000-C,call,26DEC25,20000.0,0.05831,92681.52,0.78421365,72682.113086748,170.17,0.7835,0.7845,0.0013,36.9
BTC-26DEC25-30000-C,call,26DEC25,30000.0,0.05831,92681.52,0.67633722,62683.9615821744,140.98,0.6755,0.677,0.0022,33.0
BTC-26DEC25-40000-C,call,26DEC25,40000.0,0.05831,92681.52,0.56855514,52694.5545790128,123.26,0.568,0.5695,0.0026,24.8
BTC-26DEC25-50000-C,call,26DEC25,50000.0,0.05831,92681.52,0.460705,42698.8396716,94.9,0.46,0.4615,0.0033,42.2
BTC-26DEC25-60000-C,call,26DEC25,60000.0,0.05831,92681.52,0.35327483,32742.0482221416,79.88,0.3525,0.3545,0.0057,54.4
BTC-26DEC25-60000-P,put,26DEC25,60000.0,0.05831,92681.87,0.00064665,59.9327312355,79.88,0.0005,0.0008,0.4639,1811.1
BTC-26DEC25-65000-C,call,26DEC25,65000.0,0.05831,92681.52,0.2998351,27789.172817352002,72.49,0.299,0.301,0.0067,72.9
BTC-26DEC25-65000-P,put,26DEC25,65000.0,0.05831,92681.52,0.00115457,107.0073025464,72.49,0.001,0.0013,0.2598,2500.7
BTC-26DEC25-70000-C,call,26DEC25,70000.0,0.05831,92681.52,0.24700082,22892.4114388464,66.52,0.246,0.248,0.0081,59.8
BTC-26DEC25-70000-P,put,26DEC25,70000.0,0.05831,92681.52,0.00226795,210.197053284,66.52,0.0021,0.0025,0.1764,2982.5
BTC-26DEC25-75000-C,call,26DEC25,75000.0,0.05831,92681.52,0.19512331,18084.324958231202,60.58,0.194,0.1965,0.0128,372.3
BTC-26DEC25-75000-P,put,26DEC25,75000.0,0.05831,92681.52,0.00433809,402.06077509680006,60.58,0.0041,0.0045,0.0922,4274.7
BTC-26DEC25-80000-C,call,26DEC25,80000.0,0.05831,92681.87,0.14540483,13476.3915514321,55.5,0.1445,0.147,0.0172,890.3
BTC-26DEC25-80000-P,put,26DEC25,80000.0,0.05831,92681.52,0.00856726,794.0266790352,55.5,0.008,0.009,0.1167,6689.0
BTC-26DEC25-82000-C,call,26DEC25,82000.0,0.05831,92681.52,0.12635319,11710.6057060488,53.4,0.1255,0.128,0.0198,26.6
BTC-26DEC25-82000-P,put,26DEC25,82000.0,0.05831,92681.52,0.01109468,1028.2718063136,53.4,0.011,0.0115,0.0451,1654.1
BTC-26DEC25-84000-C,call,26DEC25,84000.0,0.05831,92681.87,0.10830097,10037.5364224139,51.76,0.1075,0.1095,0.0185,117.9
BTC-26DEC25-84000-P,put,26DEC25,84000.0,0.05831,92681.52,0.01462152,1355.1446983104001,51.76,0.0145,0.015,0.0342,579.1
BTC-26DEC25-85000-C,call,26DEC25,85000.0,0.05831,92681.87,0.09975509,9245.4882832183,51.15,0.099,0.101,0.02,548.4
BTC-26DEC25-85000-P,put,26DEC25,85000.0,0.05831,92681.87,0.01686517,1563.0954934678998,51.15,0.0165,0.017,0.0296,13426.9
BTC-26DEC25-86000-C,call,26DEC25,86000.0,0.05831,92681.52,0.09124983,8457.172944141601,50.23,0.0905,0.0925,0.0219,691.4
BTC-26DEC25-86000-P,put,26DEC25,86000.0,0.05831,92681.52,0.01914944,1774.7992063488,50.23,0.0185,0.0195,0.0522,1568.9
BTC-26DEC25-88000-C,call,26DEC25,88000.0,0.05831,92681.87,0.07521661,6971.2160698607,48.57,0.0745,0.0765,0.0266,1186.8
BTC-26DEC25-88000-P,put,26DEC25,88000.0,0.05831,92681.87,0.02469528,2288.8047305736,48.57,0.0245,0.025,0.0202,925.6
BTC-26DEC25-90000-C,call,26DEC25,90000.0,0.05831,92681.52,0.06069308,5625.1269078816,47.15,0.06,0.0615,0.0247,2433.7
BTC-26DEC25-90000-P,put,26DEC25,90000.0,0.05831,92681.52,0.03175081,2942.7133320312,47.15,0.0315,0.0325,0.0315,3612.9
BTC-26DEC25-92000-C,call,26DEC25,92000.0,0.05831,92681.52,0.04807273,4455.4536869496005,46.17,0.0475,0.0485,0.0208,617.9
BTC-26DEC25-92000-P,put,26DEC25,92000.0,0.05831,92681.52,0.04070952,3773.0201920704003,46.17,0.04,0.041,0.0246,1163.7
BTC-26DEC25-94000-C,call,26DEC25,94000.0,0.05831,92681.52,0.03699759,3428.9928775368,45.1,0.0365,0.0375,0.027,1115.3
BTC-26DEC25-94000-P,put,26DEC25,94000.0,0.05831,92681.52,0.05121344,4746.5394636288,45.1,0.0505,0.0515,0.0195,635.3
BTC-26DEC25-95000-C,call,26DEC25,95000.0,0.05831,92681.52,0.03209716,2974.8135764832,44.58,0.0315,0.0325,0.0312,4714.2
BTC-26DEC25-95000-P,put,26DEC25,95000.0,0.05831,92681.87,0.05710254,5292.3701889498,44.58,0.0565,0.0575,0.0175,3035.9
BTC-26DEC25-96000-C,call,26DEC25,96000.0,0.05831,92681.52,0.02810457,2604.7742665464,44.58,0.0275,0.0285,0.0356,1100.9
BTC-26DEC25-96000-P,put,26DEC25,96000.0,0.05831,92681.52,0.06389948,5922.3009336096,44.58,0.0625,0.0645,0.0313,840.6
BTC-26DEC25-98000-C,call,26DEC25,98000.0,0.05831,92681.87,0.02083427,1930.9591036848997,44.08,0.02,0.021,0.048,2035.0
BTC-26DEC25-98000-P,put,26DEC25,98000.0,0.05831,92681.52,0.07820825,7248.459486540001,44.08,0.0765,0.079,0.032,1036.5
BTC-26DEC25-100000-C,call,26DEC25,100000.0,0.05831,92681.52,0.01536443,1423.9987263336,44.01,0.0145,0.0155,0.0651,18084.2
BTC-26DEC25-100000-P,put,26DEC25,100000.0,0.05831,92681.52,0.09431747,8741.4864821544,44.01,0.092,0.095,0.0318,2552.0
BTC-26DEC25-102000-C,call,26DEC25,102000.0,0.05831,92681.52,0.01125494,1043.1249467088,44.15,0.0105,0.011,0.0444,1457.2
BTC-26DEC25-102000-P,put,26DEC25,102000.0,0.05831,92681.52,0.11178703,10360.5918566856,44.15,0.109,0.113,0.0358,961.7
BTC-26DEC25-104000-C,call,26DEC25,104000.0,0.05831,92681.52,0.00792043,734.0774914535999,43.93,0.0075,0.008,0.0631,1233.0
BTC-26DEC25-104000-P,put,26DEC25,104000.0,0.05831,92681.52,0.13003159,12051.525409216802,43.93,0.1275,0.1315,0.0308,882.8
BTC-26DEC25-105000-C,call,26DEC25,105000.0,0.05831,92681.87,0.00692831,642.1287267396999,44.48,0.006,0.007,0.1443,2360.0
BTC-26DEC25-105000-P,put,26DEC25,105000.0,0.05831,92681.87,0.139829,12959.61320023,44.48,0.1375,0.141,0.025,3432.0
BTC-26DEC25-106000-C,call,26DEC25,106000.0,0.05831,92681.52,0.00585229,542.3991326808,44.58,0.005,0.006,0.1709,16831.6
BTC-26DEC25-106000-P,put,26DEC25,106000.0,0.05831,92681.52,0.14954251,13859.827131415199,44.58,0.1465,0.151,0.0301,365.9
BTC-26DEC25-108000-C,call,26DEC25,108000.0,0.05831,92681.52,0.00406583,376.8273044616,44.58,0.0039,0.0042,0.0738,2127.7
BTC-26DEC25-108000-P,put,26DEC25,108000.0,0.05831,92681.52,0.1693351,15694.234457352,44.58,0.1675,0.1715,0.0236,939.5
BTC-26DEC25-110000-C,call,26DEC25,110000.0,0.05831,92681.87,0.00296279,274.5969176173,45.19,0.0028,0.0032,0.135,5818.3
BTC-26DEC25-110000-P,put,26DEC25,110000.0,0.05831,92681.87,0.18981113,17592.0504752131,45.19,0.187,0.192,0.0263,2387.8
BTC-26DEC25-112000-C,call,26DEC25,112000.0,0.05831,92681.52,0.00226576,209.9940807552,46.24,0.0021,0.0024,0.1324,16211.3
BTC-26DEC25-112000-P,put,26DEC25,112000.0,0.05831,92681.52,0.21069316,19527.3623224032,46.24,0.208,0.2125,0.0214,480.9
BTC-26DEC25-114000-C,call,26DEC25,114000.0,0.05831,92681.52,0.00177211,164.2418484072,47.41,0.0016,0.002,0.2257,766.9
BTC-26DEC25-114000-P,put,26DEC25,114000.0,0.05831,92681.52,0.23177857,21481.5901710264,47.41,0.229,0.234,0.0216,377.1
BTC-26DEC25-115000-C,call,26DEC25,115000.0,0.05831,92681.87,0.00157343,145.82843471409998,47.99,0.0014,0.0018,0.2542,4114.6
BTC-26DEC25-115000-P,put,26DEC25,115000.0,0.05831,92681.87,0.24236943,22463.252003234098,47.99,0.2395,0.2445,0.0206,1117.0
BTC-26DEC25-116000-C,call,26DEC25,116000.0,0.05831,92681.52,0.00142799,132.3482837448,48.74,0.0013,0.0016,0.2101,5641.3
BTC-26DEC25-116000-P,put,26DEC25,116000.0,0.05831,92681.52,0.25301351,23449.6766873352,48.74,0.2505,0.255,0.0178,780.9
BTC-26DEC25-118000-C,call,26DEC25,118000.0,0.05831,92681.87,0.00122967,113.9681150829,50.5,0.0011,0.0014,0.244,15092.7
BTC-26DEC25-118000-P,put,26DEC25,118000.0,0.05831,92681.52,0.27439425,25431.276169260003,50.5,0.2725,0.2765,0.0146,259.8
BTC-26DEC25-120000-C,call,26DEC25,120000.0,0.05831,92681.87,0.00098492,91.2842274004,51.59,0.0009,0.0011,0.2031,6842.6
BTC-26DEC25-120000-P,put,26DEC25,120000.0,0.05831,92681.87,0.29572856,27408.675953207196,51.59,0.293,0.298,0.0169,962.2
BTC-26DEC25-122000-C,call,26DEC25,122000.0,0.05831,92681.52,0.00083127,77.0433671304,53.0,0.0007,0.001,0.3609,1147.9
BTC-26DEC25-122000-P,put,26DEC25,122000.0,0.05831,92681.87,0.31715398,29394.423944342598,53.0,0.315,0.319,0.0126,70.9
BTC-26DEC25-124000-C,call,26DEC25,124000.0,0.05831,92681.87,0.00068694,63.6668837778,54.17,0.0006,0.0008,0.2911,2140.9
BTC-26DEC25-124000-P,put,26DEC25,124000.0,0.05831,92681.52,0.3385887,31380.915370824005,54.17,0.336,0.3405,0.0133,97.8
BTC-26DEC25-125000-C,call,26DEC25,125000.0,0.05831,92681.87,0.00068695,63.6678105965,55.44,0.0006,0.0008,0.2911,7365.6
BTC-26DEC25-125000-P,put,26DEC25,125000.0,0.05831,92681.52,0.34937825,32380.90726494,55.44,0.347,0.352,0.0143,673.8
BTC-26DEC25-126000-C,call,26DEC25,126000.0,0.05831,92681.52,0.00058727,54.4290762504,55.52,0.0005,0.0007,0.3406,1393.3
BTC-26DEC25-126000-P,put,26DEC25,126000.0,0.05831,92681.52,0.36006809,33371.657884696804,55.52,0.3575,0.362,0.0125,46.8
BTC-26DEC25-128000-P,put,26DEC25,128000.0,0.05831,92681.87,0.38154704,35362.4931601648,56.58,0.379,0.3835,0.0118,34.2
BTC-26DEC25-130000-P,put,26DEC25,130000.0,0.05831,92681.52,0.40310213,37360.1181236376,58.54,0.401,0.406,0.0124,396.6
BTC-26DEC25-135000-P,put,26DEC25,135000.0,0.05831,92681.87,0.4569301,42349.136127287,61.91,0.454,0.459,0.0109,133.4
BTC-26DEC25-140000-P,put,26DEC25,140000.0,0.05831,92681.52,0.51081861,47343.445219087196,65.69,0.508,0.5135,0.0108,198.8
BTC-26DEC25-150000-P,put,26DEC25,150000.0,0.05831,92681.52,0.61865132,57337.5446876064,73.27,0.6155,0.6215,0.0097,163.6
BTC-26DEC25-160000-P,put,26DEC25,160000.0,0.05831,92681.52,0.72645959,67329.37901977681,78.03,0.724,0.729,0.0069,753.3
BTC-26DEC25-170000-P,put,26DEC25,170000.0,0.05831,92681.52,0.83427526,77321.8991951952,79.44,0.8305,0.837,0.0078,24.1
BTC-26DEC25-200000-P,put,26DEC25,200000.0,0.05831,92681.52,1.15795307,107320.85061626641,97.11,1.155,1.161,0.0052,25.0
BTC-26DEC25-300000-P,put,26DEC25,300000.0,0.05831,92681.52,2.23686268,207315.83321367364,121.31,2.232,2.2425,0.0047,7.6
BTC-26DEC25-400000-P,put,26DEC25,400000.0,0.05831,92681.52,3.31581218,307314.5128769136,121.31,3.3055,3.323,0.0053,20.1
BTC-30JAN26-55000-C,call,30JAN26,55000.0,0.1542,93085.15,0.41153558,38307.851194637,70.8,0.411,0.413,0.0049,4.0
BTC-30JAN26-55000-P,put,30JAN26,55000.0,0.1542,93085.15,0.00239118,222.58334897699999,70.8,0.0022,0.0024,0.0836,593.8
BTC-30JAN26-60000-C,call,30JAN26,60000.0,0.1542,93085.15,0.35925762,33441.549446343,65.98,0.3585,0.3605,0.0056,9.9
BTC-30JAN26-60000-P,put,30JAN26,60000.0,0.1542,93085.15,0.00382736,356.270379704,65.98,0.0037,0.004,0.0784,758.0
BTC-30JAN26-65000-C,call,30JAN26,65000.0,0.1542,93085.15,0.30774149,28646.1627578735,61.42,0.307,0.3095,0.0081,7.3
BTC-30JAN26-65000-P,put,30JAN26,65000.0,0.1542,93085.15,0.00602538,560.873401107,61.42,0.0055,0.0065,0.166,1570.9
BTC-30JAN26-70000-C,call,30JAN26,70000.0,0.1542,93085.15,0.25758268,23977.122405202,57.45,0.2565,0.259,0.0097,68.0
BTC-30JAN26-70000-P,put,30JAN26,70000.0,0.1542,93085.15,0.00958071,891.8218274564998,57.45,0.0095,0.01,0.0522,750.3
BTC-30JAN26-75000-C,call,30JAN26,75000.0,0.1542,93085.15,0.20943884,19495.645837226,53.89,0.2085,0.211,0.0119,55.5
BTC-30JAN26-75000-P,put,30JAN26,75000.0,0.1542,93085.15,0.01515101,1410.3340385015,53.89,0.015,0.0155,0.033,845.3
BTC-30JAN26-80000-C,call,30JAN26,80000.0,0.1542,93085.15,0.16420085,15284.6607523775,50.64,0.1635,0.166,0.0152,143.2
BTC-30JAN26-80000-P,put,30JAN26,80000.0,0.1542,93085.15,0.02362717,2199.3386635254997,50.64,0.0235,0.024,0.0212,2538.6
BTC-30JAN26-82000-C,call,30JAN26,82000.0,0.1542,93085.15,0.14726301,13707.999375301499,49.51,0.1465,0.149,0.017,23.6
BTC-30JAN26-82000-P,put,30JAN26,82000.0,0.1542,93085.15,0.02817499,2622.6731703984997,49.51,0.028,0.0285,0.0177,636.6
BTC-30JAN26-84000-C,call,30JAN26,84000.0,0.1542,93085.15,0.13126964,12219.254129845998,48.58,0.1305,0.1325,0.0152,171.4
BTC-30JAN26-84000-P,put,30JAN26,84000.0,0.1542,93085.15,0.03366728,3133.9238088919997,48.58,0.033,0.034,0.0297,205.5
BTC-30JAN26-85000-C,call,30JAN26,85000.0,0.1542,93085.15,0.12354124,11499.854856585998,48.1,0.123,0.125,0.0162,273.9
BTC-30JAN26-85000-P,put,30JAN26,85000.0,0.1542,93085.15,0.03668171,3414.5224776064997,48.1,0.0365,0.037,0.0136,1212.5
BTC-30JAN26-86000-C,call,30JAN26,86000.0,0.1542,93085.15,0.11594446,10792.707450769,47.56,0.1155,0.1175,0.0172,264.0
BTC-30JAN26-86000-P,put,30JAN26,86000.0,0.1542,93085.15,0.03982776,3707.3730137639996,47.56,0.0395,0.0405,0.0251,606.3
BTC-30JAN26-88000-C,call,30JAN26,88000.0,0.1542,93085.15,0.10183167,9479.016276700499,46.81,0.101,0.1025,0.0147,568.0
BTC-30JAN26-88000-P,put,30JAN26,88000.0,0.1542,93085.58,0.04720062,4393.6970890596,46.81,0.047,0.0475,0.0106,234.0
BTC-30JAN26-90000-C,call,30JAN26,90000.0,0.1542,93085.15,0.08869729,8256.4005442435,46.08,0.088,0.0895,0.0169,1056.7
BTC-30JAN26-90000-P,put,30JAN26,90000.0,0.1542,93085.15,0.0555519,5171.056944285,46.08,0.055,0.056,0.018,1053.7
BTC-30JAN26-92000-C,call,30JAN26,92000.0,0.1542,93085.15,0.07667938,7137.711589207,45.45,0.076,0.077,0.013,1507.2
BTC-30JAN26-92000-P,put,30JAN26,92000.0,0.1542,93085.15,0.06501837,6052.2447242055005,45.45,0.0645,0.0655,0.0154,387.2
BTC-30JAN26-94000-C,call,30JAN26,94000.0,0.1542,93085.15,0.06574098,6119.508984447,44.87,0.0655,0.0665,0.0152,950.5
BTC-30JAN26-94000-P,put,30JAN26,94000.0,0.1542,93085.58,0.0755669,7034.188715302001,44.87,0.075,0.076,0.0132,397.8
BTC-30JAN26-95000-C,call,30JAN26,95000.0,0.1542,93085.15,0.06075575,5655.4581021125,44.64,0.0605,0.0615,0.0165,625.7
BTC-30JAN26-95000-P,put,30JAN26,95000.0,0.1542,93085.58,0.0813245,7570.13825071,44.64,0.081,0.082,0.0123,668.1
BTC-30JAN26-96000-C,call,30JAN26,96000.0,0.1542,93085.58,0.05618989,5230.4685007862,44.52,0.0555,0.0565,0.0178,414.7
BTC-30JAN26-96000-P,put,30JAN26,96000.0,0.1542,93085.15,0.08750147,8145.087460170499,44.52,0.087,0.088,0.0114,64.4
BTC-30JAN26-98000-C,call,30JAN26,98000.0,0.1542,93085.15,0.0472986,4402.79727579,43.96,0.047,0.048,0.0211,830.2
BTC-30JAN26-98000-P,put,30JAN26,98000.0,0.1542,93085.15,0.10009585,9317.437211627499,43.96,0.0995,0.1005,0.01,216.4
BTC-30JAN26-100000-C,call,30JAN26,100000.0,0.1542,93085.15,0.04022903,3744.7252919044995,43.96,0.0395,0.0405,0.0249,2440.2
BTC-30JAN26-100000-P,put,30JAN26,100000.0,0.1542,93085.58,0.11451193,10659.4094209694,43.96,0.1125,0.115,0.0218,316.3
BTC-30JAN26-102000-C,call,30JAN26,102000.0,0.1542,93085.15,0.0338291,3148.986847865,43.81,0.033,0.034,0.0296,927.4
BTC-30JAN26-102000-P,put,30JAN26,102000.0,0.1542,93085.15,0.12959659,12063.5180196385,43.81,0.1275,0.1305,0.0231,242.2
BTC-30JAN26-104000-C,call,30JAN26,104000.0,0.1542,93085.15,0.02833955,2637.9912626825,43.72,0.0275,0.028,0.0176,807.0
BTC-30JAN26-104000-P,put,30JAN26,104000.0,0.1542,93085.15,0.14559377,13552.6179195155,43.72,0.143,0.1465,0.024,112.6
BTC-30JAN26-105000-C,call,30JAN26,105000.0,0.1542,93085.58,0.02585183,2406.4325896114,43.66,0.025,0.0255,0.0193,587.5
BTC-30JAN26-105000-P,put,30JAN26,105000.0,0.1542,93085.15,0.15384888,14321.046072131998,43.66,0.1515,0.1555,0.026,20.0
BTC-30JAN26-106000-C,call,30JAN26,106000.0,0.1542,93085.15,0.02337418,2175.789051427,43.46,0.0225,0.0235,0.0428,362.4
BTC-30JAN26-106000-P,put,30JAN26,106000.0,0.1542,93085.15,0.16211324,15090.335262386,43.46,0.158,0.1645,0.0401,36.4
BTC-30JAN26-108000-C,call,30JAN26,108000.0,0.1542,93085.15,0.01939073,1804.9890106594996,43.43,0.0185,0.0195,0.0516,601.6
BTC-30JAN26-108000-P,put,30JAN26,108000.0,0.1542,93085.15,0.17961556,16719.541344934,43.43,0.1755,0.182,0.0362,23.8
BTC-30JAN26-110000-C,call,30JAN26,110000.0,0.1542,93085.15,0.01635048,1521.986883372,43.73,0.0155,0.016,0.0306,2804.3
BTC-30JAN26-110000-P,put,30JAN26,110000.0,0.1542,93085.15,0.19806167,18436.6002612005,43.73,0.1935,0.2,0.0328,743.8
BTC-30JAN26-112000-C,call,30JAN26,112000.0,0.1542,93085.15,0.01341773,1248.9914097094997,43.66,0.0125,0.0135,0.0745,1778.9
BTC-30JAN26-112000-P,put,30JAN26,112000.0,0.1542,93085.15,0.21661458,20163.600671486998,43.66,0.2125,0.219,0.03,237.9
BTC-30JAN26-114000-C,call,30JAN26,114000.0,0.1542,93085.58,0.01126072,1048.2106524176,43.95,0.0105,0.011,0.0444,188.9
BTC-30JAN26-114000-P,put,30JAN26,114000.0,0.1542,93085.15,0.23594323,21962.8109560345,43.95,0.2315,0.238,0.0275,31.9
BTC-30JAN26-115000-C,call,30JAN26,115000.0,0.1542,93085.58,0.01020061,949.5296982038001,43.96,0.0095,0.01,0.049,1334.3
BTC-30JAN26-116000-C,call,30JAN26,116000.0,0.1542,93085.15,0.00922735,858.9292588525,43.96,0.0085,0.0095,0.1084,757.4
BTC-30JAN26-118000-C,call,30JAN26,118000.0,0.1542,93085.15,0.00752509,700.4741314135,43.96,0.007,0.008,0.1329,1373.2
BTC-30JAN26-120000-C,call,30JAN26,120000.0,0.1542,93085.15,0.00619992,577.120483188,44.1,0.006,0.0065,0.0806,715.7
BTC-30JAN26-122000-C,call,30JAN26,122000.0,0.1542,93085.15,0.00520917,484.89637082549996,44.45,0.005,0.0055,0.096,89.4
BTC-30JAN26-124000-C,call,30JAN26,124000.0,0.1542,93085.15,0.00439741,409.33356946149996,44.83,0.0042,0.0046,0.091,80.2
BTC-30JAN26-125000-C,call,30JAN26,125000.0,0.1542,93085.15,0.00404001,376.06493685149997,45.02,0.0039,0.0043,0.099,519.7
BTC-30JAN26-130000-C,call,30JAN26,130000.0,0.1542,93085.15,0.00276259,257.1561045385,46.24,0.0026,0.0029,0.1086,1586.6
BTC-30JAN26-140000-C,call,30JAN26,140000.0,0.1542,93085.15,0.00143437,133.51854660549998,49.0,0.0013,0.0016,0.2092,916.0
BTC-30JAN26-150000-C,call,30JAN26,150000.0,0.1542,93085.15,0.00093338,86.883817307,52.64,0.0008,0.001,0.2143,170.1
BTC-30JAN26-160000-C,call,30JAN26,160000.0,0.1542,93085.15,0.00053392,49.700023288,54.8,0.0005,0.0007,0.3746,352.3
BTC-27FEB26-50000-C,call,27FEB26,50000.0,0.23091,93463.33,0.46810096,43750.2744977968,70.34,0.467,0.469,0.0043,0.0
BTC-27FEB26-50000-P,put,27FEB26,50000.0,0.23091,93463.33,0.00307021,286.9520503993,70.34,0.0029,0.0032,0.0977,223.4
BTC-27FEB26-60000-C,call,27FEB26,60000.0,0.23091,93463.33,0.36509561,34123.0514789813,61.84,0.364,0.3665,0.0068,0.1
BTC-27FEB26-60000-P,put,27FEB26,60000.0,0.23091,93463.33,0.00705872,659.7314767376,61.84,0.0065,0.0075,0.1417,49.6
BTC-27FEB26-65000-C,call,27FEB26,65000.0,0.23091,93463.33,0.31507975,29448.4026505675,58.14,0.314,0.3165,0.0079,0.0
BTC-27FEB26-65000-P,put,27FEB26,65000.0,0.23091,93463.33,0.01053978,985.0829362674001,58.14,0.01,0.011,0.0949,65.1
BTC-27FEB26-70000-C,call,27FEB26,70000.0,0.23091,93463.33,0.26694245,24949.3302953585,55.11,0.2655,0.268,0.0094,0.0
BTC-27FEB26-70000-P,put,27FEB26,70000.0,0.23091,93463.33,0.01589941,1486.0118036352999,55.11,0.0155,0.016,0.0314,349.3
BTC-27FEB26-75000-C,call,27FEB26,75000.0,0.23091,93463.33,0.22115256,20669.6546956248,52.37,0.2195,0.2225,0.0136,52.7
BTC-27FEB26-75000-P,put,27FEB26,75000.0,0.23091,93463.33,0.02360644,2206.3364918452,52.37,0.023,0.024,0.0424,380.9
BTC-27FEB26-80000-C,call,27FEB26,80000.0,0.23091,93463.33,0.17831847,16666.2380067051,49.8,0.177,0.1795,0.014,2.7
BTC-27FEB26-80000-P,put,27FEB26,80000.0,0.23091,93463.33,0.03426927,3202.9200908691,49.8,0.034,0.0345,0.0146,97.7
BTC-27FEB26-82000-C,call,27FEB26,82000.0,0.23091,93463.33,0.16237308,15175.9287591564,48.94,0.161,0.1635,0.0154,0.4
BTC-27FEB26-82000-P,put,27FEB26,82000.0,0.23091,93463.33,0.03972265,3712.6111454244997,48.94,0.0395,0.0405,0.0252,76.2
BTC-27FEB26-84000-C,call,27FEB26,84000.0,0.23091,93463.33,0.14729377,13766.566232454099,48.23,0.146,0.1485,0.017,7.6
BTC-27FEB26-84000-P,put,27FEB26,84000.0,0.23091,93463.33,0.04604212,4303.2498554595995,48.23,0.0455,0.0465,0.0217,21.9
BTC-27FEB26-85000-C,call,27FEB26,85000.0,0.23091,93463.33,0.13985062,13070.9046477646,47.78,0.139,0.141,0.0143,14.7
BTC-27FEB26-85000-P,put,27FEB26,85000.0,0.23091,93463.33,0.04929836,4607.5888891388,47.78,0.049,0.05,0.0203,184.1
BTC-27FEB26-86000-C,call,27FEB26,86000.0,0.23091,93463.315,0.13280905,12412.77407500075,47.47,0.1315,0.134,0.0188,9.7
BTC-27FEB26-86000-P,put,27FEB26,86000.0,0.23091,93463.33,0.05295617,4949.4599922461,47.47,0.0525,0.0535,0.0189,38.8
BTC-27FEB26-88000-C,call,27FEB26,88000.0,0.23091,93463.33,0.11921514,11142.2439708162,46.79,0.118,0.12,0.0168,175.7
BTC-27FEB26-88000-P,put,27FEB26,88000.0,0.23091,93463.33,0.06076103,5678.9281980299,46.79,0.0605,0.0615,0.0165,124.2
BTC-27FEB26-90000-C,call,27FEB26,90000.0,0.23091,93463.33,0.10658811,9962.0796990063,46.24,0.1055,0.1075,0.0188,418.5
BTC-27FEB26-90000-P,put,27FEB26,90000.0,0.23091,93463.33,0.06953277,6498.764228324099,46.24,0.069,0.07,0.0144,393.2
BTC-27FEB26-92000-C,call,27FEB26,92000.0,0.23091,93463.33,0.09474056,8854.7682236648,45.67,0.094,0.0955,0.0158,294.7
BTC-27FEB26-92000-P,put,27FEB26,92000.0,0.23091,93463.315,0.07908399,7391.451868826851,45.67,0.0785,0.08,0.019,136.8
BTC-27FEB26-94000-C,call,27FEB26,94000.0,0.23091,93463.33,0.08397345,7848.4382685885,45.24,0.0835,0.0845,0.0119,243.5
BTC-27FEB26-94000-P,put,27FEB26,94000.0,0.23091,93463.33,0.08971565,8385.1234021145,45.24,0.089,0.0905,0.0167,70.0
BTC-27FEB26-95000-C,call,27FEB26,95000.0,0.23091,93463.33,0.07882525,7367.2703530825,45.0,0.0785,0.0795,0.0127,120.6
BTC-27FEB26-95000-P,put,27FEB26,95000.0,0.23091,93463.33,0.09526684,8903.9561049772,45.0,0.095,0.096,0.0105,0.9
BTC-27FEB26-96000-C,call,27FEB26,96000.0,0.23091,93463.33,0.07406372,6922.2419033876,44.84,0.0735,0.0745,0.0135,138.9
BTC-27FEB26-96000-P,put,27FEB26,96000.0,0.23091,93463.33,0.10120469,9458.9273390177,44.84,0.1005,0.102,0.0148,10.7
BTC-27FEB26-98000-C,call,27FEB26,98000.0,0.23091,93463.33,0.06500256,6075.3557161248,44.47,0.0645,0.0655,0.0154,85.2
BTC-27FEB26-98000-P,put,27FEB26,98000.0,0.23091,93463.33,0.1135423,10612.041453859,44.47,0.1125,0.1145,0.0176,7.6
BTC-27FEB26-100000-C,call,27FEB26,100000.0,0.23091,93465.315,0.05688368,5316.6510695592,44.17,0.0565,0.0575,0.0176,748.7
BTC-27FEB26-100000-P,put,27FEB26,100000.0,0.23091,93463.33,0.12682219,11853.2241952927,44.17,0.126,0.1275,0.0118,0.1
BTC-27FEB26-102000-C,call,27FEB26,102000.0,0.23091,93463.33,0.05004207,4677.0985022931,44.16,0.049,0.05,0.02,226.7
BTC-27FEB26-102000-P,put,27FEB26,102000.0,0.23091,93463.33,0.14137935,13213.784844235499,44.16,0.1395,0.144,0.0318,2.2
BTC-27FEB26-104000-C,call,27FEB26,104000.0,0.23091,93463.33,0.04381838,4095.4117100054,44.1,0.043,0.0435,0.0114,5.4
BTC-27FEB26-104000-P,put,27FEB26,104000.0,0.23091,93463.33,0.15655443,14632.0983540519,44.1,0.1545,0.158,0.0224,0.1
BTC-27FEB26-105000-C,call,27FEB26,105000.0,0.23091,93463.33,0.04084394,3817.4106427202005,44.02,0.04,0.041,0.0245,340.7
BTC-27FEB26-105000-P,put,27FEB26,105000.0,0.23091,93463.33,0.16427937,15354.096970502102,44.02,0.1625,0.1665,0.0243,0.1
BTC-27FEB26-110000-C,call,27FEB26,110000.0,0.23091,93463.33,0.02860279,2673.3120006907,43.78,0.028,0.0285,0.0175,679.6
BTC-27FEB26-110000-P,put,27FEB26,110000.0,0.23091,93463.33,0.20553516,19210.000485682798,43.78,0.2025,0.2095,0.0341,25.0
BTC-27FEB26-120000-C,call,27FEB26,120000.0,0.23091,93463.33,0.01402942,1311.2363111686002,44.13,0.0135,0.014,0.0356,274.6
BTC-27FEB26-130000-C,call,27FEB26,130000.0,0.23091,93463.33,0.00671782,627.8698275406,44.57,0.0065,0.007,0.0744,382.4
BTC-27MAR26-20000-C,call,27MAR26,20000.0,0.30763,93840.15,0.78712268,73863.71035960199,102.28,0.786,0.788,0.0025,17.9
BTC-27MAR26-30000-C,call,27MAR26,30000.0,0.30763,93841.05,0.68106628,63911.974834794004,86.23,0.68,0.682,0.0029,38.1
BTC-27MAR26-30000-P,put,27MAR26,30000.0,0.30763,93841.05,0.0007529,70.652926545,86.23,0.0007,0.0008,0.1328,1307.5
BTC-27MAR26-40000-C,call,27MAR26,40000.0,0.30763,93841.05,0.57575011,54028.9948600155,75.1,0.5745,0.5765,0.0035,8.7
BTC-27MAR26-40000-P,put,27MAR26,40000.0,0.30763,93840.15,0.00199894,187.58082944099996,75.1,0.0018,0.0021,0.1501,302.7
BTC-27MAR26-50000-C,call,27MAR26,50000.0,0.30763,93840.15,0.47185879,44279.29963241849,66.2,0.471,0.473,0.0042,41.4
BTC-27MAR26-50000-P,put,27MAR26,50000.0,0.30763,93840.15,0.00466982,438.21660927299996,66.2,0.0044,0.0049,0.1071,1587.3
BTC-27MAR26-60000-C,call,27MAR26,60000.0,0.30763,93840.15,0.37116271,34829.9643808065,59.45,0.37,0.372,0.0054,28.0
BTC-27MAR26-60000-P,put,27MAR26,60000.0,0.30763,93840.15,0.01053596,988.696066794,59.45,0.01,0.011,0.0949,1379.7
BTC-27MAR26-65000-C,call,27MAR26,65000.0,0.30763,93840.15,0.32242978,30256.858919666996,56.19,0.3215,0.324,0.0078,3.2
BTC-27MAR26-65000-P,put,27MAR26,65000.0,0.30763,93841.05,0.01508413,1415.5105975365,56.19,0.0145,0.0155,0.0663,1117.9
BTC-27MAR26-70000-C,call,27MAR26,70000.0,0.30763,93840.15,0.27596128,25896.247909391997,53.67,0.275,0.277,0.0072,75.0
BTC-27MAR26-70000-P,put,27MAR26,70000.0,0.30763,93840.15,0.02189673,2054.7924277095,53.67,0.0215,0.0225,0.0457,1030.6
BTC-27MAR26-75000-C,call,27MAR26,75000.0,0.30763,93840.15,0.23189846,21761.386271168998,51.34,0.231,0.233,0.0086,9.7
BTC-27MAR26-75000-P,put,27MAR26,75000.0,0.30763,93841.05,0.03111501,2919.8652091605,51.34,0.0305,0.0315,0.0321,1932.5
BTC-27MAR26-80000-C,call,27MAR26,80000.0,0.30763,93840.15,0.19102953,17926.239749629498,49.31,0.19,0.192,0.0105,116.2
BTC-27MAR26-80000-P,put,27MAR26,80000.0,0.30763,93841.05,0.04352719,4084.6372131495,49.31,0.043,0.044,0.023,2542.5
BTC-27MAR26-85000-C,call,27MAR26,85000.0,0.30763,93841.05,0.15428338,14478.114376749,47.7,0.153,0.1555,0.0162,743.6
BTC-27MAR26-85000-P,put,27MAR26,85000.0,0.30763,93840.15,0.06006215,5636.2411653225,47.7,0.0595,0.0605,0.0166,2548.2
BTC-27MAR26-90000-C,call,27MAR26,90000.0,0.30763,93840.15,0.12229528,11476.207419492,46.5,0.1215,0.123,0.0123,853.2
BTC-27MAR26-90000-P,put,27MAR26,90000.0,0.30763,93840.15,0.08135515,7634.379479272499,46.5,0.0805,0.082,0.0184,1106.4
BTC-27MAR26-95000-C,call,27MAR26,95000.0,0.30763,93840.15,0.09506738,8921.137199307,45.54,0.0945,0.0955,0.0105,1282.9
BTC-27MAR26-95000-P,put,27MAR26,95000.0,0.30763,93841.05,0.10740835,10079.3123427675,45.54,0.1065,0.1085,0.0186,1201.3
BTC-27MAR26-100000-C,call,27MAR26,100000.0,0.30763,93840.15,0.07253742,6806.922373413,44.77,0.072,0.0735,0.0207,2052.3
BTC-27MAR26-100000-P,put,27MAR26,100000.0,0.30763,93841.05,0.13816246,12965.310316983,44.77,0.1375,0.1395,0.0145,1371.9
BTC-27MAR26-105000-C,call,27MAR26,105000.0,0.30763,93840.15,0.0553328,5192.43825192,44.6,0.0545,0.0555,0.0181,1954.9
BTC-27MAR26-105000-P,put,27MAR26,105000.0,0.30763,93840.15,0.1742385,16350.566975774998,44.6,0.173,0.1755,0.0143,482.1
BTC-27MAR26-110000-C,call,27MAR26,110000.0,0.30763,93840.15,0.04135531,3880.7884936964997,44.28,0.0405,0.0415,0.0242,739.2
BTC-27MAR26-110000-P,put,27MAR26,110000.0,0.30763,93840.15,0.21354164,20038.779528846,44.28,0.2105,0.2155,0.0234,914.7
BTC-27MAR26-115000-C,call,27MAR26,115000.0,0.30763,93840.15,0.03137421,2944.1605725315,44.52,0.03,0.031,0.0319,1280.2
BTC-27MAR26-115000-P,put,27MAR26,115000.0,0.30763,93840.15,0.2568414,24102.035502209998,44.52,0.252,0.26,0.0311,524.9
BTC-27MAR26-120000-C,call,27MAR26,120000.0,0.30763,93840.15,0.02340692,2196.508883838,44.56,0.0225,0.0235,0.0427,1351.5
BTC-27MAR26-120000-P,put,27MAR26,120000.0,0.30763,93840.15,0.30215341,28354.1213174115,44.56,0.2975,0.305,0.0248,193.7
BTC-27MAR26-125000-C,call,27MAR26,125000.0,0.30763,93841.05,0.0175401,1645.981401105,44.77,0.017,0.0175,0.0285,983.6
BTC-27MAR26-125000-P,put,27MAR26,125000.0,0.30763,93840.15,0.34956769,32803.4844647535,44.77,0.345,0.353,0.0229,91.3
BTC-27MAR26-130000-C,call,27MAR26,130000.0,0.30763,93840.15,0.01293707,1214.0165893605,44.82,0.0125,0.0135,0.0773,1733.0
BTC-27MAR26-130000-P,put,27MAR26,130000.0,0.30763,93841.05,0.39824659,37371.878164519505,44.82,0.3945,0.4025,0.0201,424.1
BTC-27MAR26-135000-C,call,27MAR26,135000.0,0.30763,93840.15,0.00994774,933.497413761,45.36,0.0095,0.0105,0.1005,2577.4
BTC-27MAR26-135000-P,put,27MAR26,135000.0,0.30763,93841.05,0.44853754,42091.233718017,45.36,0.4445,0.453,0.019,42.8
BTC-27MAR26-140000-C,call,27MAR26,140000.0,0.30763,93840.15,0.00795415,746.4186291225,46.24,0.0075,0.0085,0.1257,922.7
BTC-27MAR26-145000-C,call,27MAR26,145000.0,0.30763,93840.15,0.00621647,583.3544772705,46.81,0.006,0.0065,0.0804,281.6
BTC-27MAR26-150000-C,call,27MAR26,150000.0,0.30763,93840.15,0.00512311,480.75341086649996,47.78,0.005,0.0055,0.0976,1636.9
BTC-27MAR26-155000-C,call,27MAR26,155000.0,0.30763,93840.15,0.00410543,385.2541670145,48.41,0.0039,0.0043,0.0974,470.9
BTC-27MAR26-160000-C,call,27MAR26,160000.0,0.30763,93840.15,0.00337919,317.10369647849996,49.19,0.0032,0.0036,0.1184,1245.7
BTC-27MAR26-170000-C,call,27MAR26,170000.0,0.30763,93840.15,0.00239281,224.5416493215,50.86,0.0024,0.0026,0.0836,655.4
BTC-27MAR26-180000-C,call,27MAR26,180000.0,0.30763,93841.05,0.0017833,167.346744465,52.6,0.0016,0.002,0.2243,2415.3
BTC-27MAR26-190000-C,call,27MAR26,190000.0,0.30763,93841.05,0.00138296,129.778418508,54.35,0.0012,0.0016,0.2892,884.6
BTC-27MAR26-200000-C,call,27MAR26,200000.0,0.30763,93841.05,0.001048,98.34542040000001,55.71,0.0011,0.0012,0.0954,803.4
BTC-27MAR26-210000-C,call,27MAR26,210000.0,0.30763,93841.05,0.00083607,78.45768667349999,57.22,0.0007,0.001,0.3588,334.1
BTC-27MAR26-220000-C,call,27MAR26,220000.0,0.30763,93840.15,0.0006912,64.86231167999999,58.77,0.0006,0.0008,0.2894,208.3
BTC-27MAR26-230000-C,call,27MAR26,230000.0,0.30763,93840.15,0.00053177,49.901376565499994,59.72,0.0004,0.0007,0.5642,186.5
BTC-27MAR26-300000-P,put,27MAR26,300000.0,0.30763,93840.15,2.19707594,206173.935770991,68.57,2.185,2.2065,0.0098,136.1
BTC-27MAR26-320000-P,put,27MAR26,320000.0,0.30763,93841.05,2.41016862,226172.75397785098,70.91,2.397,2.4215,0.0102,340.0
BTC-27MAR26-340000-P,put,27MAR26,340000.0,0.30763,93840.15,2.62329262,246170.17295469297,73.94,2.61,2.6335,0.009,320.1
BTC-26JUN26-20000-C,call,26JUN26,20000.0,0.55694,95085.65,0.79048375,75163.6611831875,87.63,0.7895,0.791,0.0019,8.4
BTC-26JUN26-20000-P,put,26JUN26,20000.0,0.55694,95085.65,0.00081913,77.8875084845,87.63,0.0007,0.0009,0.2442,1987.8
BTC-26JUN26-30000-C,call,26JUN26,30000.0,0.55694,95085.65,0.68697262,65321.238104903,76.41,0.6855,0.688,0.0036,0.5
BTC-26JUN26-30000-P,put,26JUN26,30000.0,0.55694,95085.65,0.00247569,235.40259284849998,76.41,0.0021,0.0028,0.2827,755.3
BTC-26JUN26-40000-C,call,26JUN26,40000.0,0.55694,95085.65,0.58531291,55654.858500741495,68.45,0.5845,0.5865,0.0034,11.8
BTC-26JUN26-40000-P,put,26JUN26,40000.0,0.55694,95085.65,0.00598366,568.9602004789999,68.45,0.0055,0.0065,0.1671,732.3
BTC-26JUN26-50000-C,call,26JUN26,50000.0,0.55694,95085.65,0.48661138,46269.759364697,62.11,0.4855,0.488,0.0051,22.7
BTC-26JUN26-50000-P,put,26JUN26,50000.0,0.55694,95085.65,0.01244982,1183.799227083,62.11,0.012,0.013,0.0803,556.6
BTC-26JUN26-60000-C,call,26JUN26,60000.0,0.55694,95085.65,0.39259815,37330.4502815475,56.96,0.3915,0.394,0.0064,9.9
BTC-26JUN26-60000-P,put,26JUN26,60000.0,0.55694,95085.65,0.02360428,2244.4283065819995,56.96,0.023,0.0245,0.0635,1654.2
BTC-26JUN26-70000-C,call,26JUN26,70000.0,0.55694,95085.79,0.30621916,29117.090741736396,53.11,0.305,0.3075,0.0082,21.5
BTC-26JUN26-70000-P,put,26JUN26,70000.0,0.55694,95085.65,0.04239297,4030.9631078805,53.11,0.042,0.043,0.0236,840.3
BTC-26JUN26-75000-C,call,26JUN26,75000.0,0.55694,95085.65,0.26685902,25374.463375063,51.6,0.2655,0.2685,0.0112,0.1
BTC-26JUN26-75000-P,put,26JUN26,75000.0,0.55694,95085.65,0.05561667,5288.3472177855,51.6,0.0555,0.0565,0.018,2342.4
BTC-26JUN26-80000-C,call,26JUN26,80000.0,0.55694,95085.65,0.23097465,21962.3747287725,50.52,0.229,0.232,0.013,21.2
BTC-26JUN26-80000-P,put,26JUN26,80000.0,0.55694,95085.65,0.07231615,6876.2281282475,50.52,0.072,0.0725,0.0069,2041.9
BTC-26JUN26-85000-C,call,26JUN26,85000.0,0.55694,95085.65,0.19788653,18816.1693312945,49.43,0.1965,0.199,0.0126,504.3
BTC-26JUN26-85000-P,put,26JUN26,85000.0,0.55694,95085.65,0.09181188,8729.992287522,49.43,0.0915,0.0925,0.0109,1262.6
BTC-26JUN26-90000-C,call,26JUN26,90000.0,0.55694,95085.65,0.16838807,16011.289088195499,48.6,0.167,0.1695,0.0148,237.1
BTC-26JUN26-90000-P,put,26JUN26,90000.0,0.55694,95085.65,0.11489726,10925.080650319,48.6,0.1145,0.1155,0.0087,1567.0
BTC-26JUN26-95000-C,call,26JUN26,95000.0,0.55694,95085.65,0.14170392,13474.009340748,47.72,0.141,0.143,0.0141,194.8
BTC-26JUN26-95000-P,put,26JUN26,95000.0,0.55694,95085.65,0.14079695,13387.7695087675,47.72,0.1395,0.142,0.0178,487.7
BTC-26JUN26-100000-C,call,26JUN26,100000.0,0.55694,95085.65,0.11882528,11298.578985232,47.13,0.118,0.12,0.0168,364.1
BTC-26JUN26-100000-P,put,26JUN26,100000.0,0.55694,95085.65,0.17050216,16212.308710004001,47.13,0.1695,0.172,0.0147,422.1
BTC-26JUN26-105000-C,call,26JUN26,105000.0,0.55694,95085.79,0.09931803,9443.7333437937,46.74,0.0985,0.1005,0.0201,274.0
BTC-26JUN26-105000-P,put,26JUN26,105000.0,0.55694,95085.65,0.20357875,19357.4177699375,46.74,0.2025,0.205,0.0123,295.1
BTC-26JUN26-110000-C,call,26JUN26,110000.0,0.55694,95085.79,0.08285237,7878.083054822299,46.49,0.082,0.084,0.0241,182.6
BTC-26JUN26-110000-P,put,26JUN26,110000.0,0.55694,95085.65,0.23969694,22791.739342910998,46.49,0.238,0.243,0.0209,734.8
BTC-26JUN26-115000-C,call,26JUN26,115000.0,0.55694,95085.65,0.06942069,6600.911432098499,46.49,0.0685,0.07,0.0216,881.9
BTC-26JUN26-115000-P,put,26JUN26,115000.0,0.55694,95085.65,0.2788491,26514.547925415,46.49,0.2745,0.283,0.0305,111.5
BTC-26JUN26-120000-C,call,26JUN26,120000.0,0.55694,95085.65,0.0580167,5516.555630354999,46.49,0.057,0.0585,0.0259,937.2
BTC-26JUN26-120000-P,put,26JUN26,120000.0,0.55694,95085.65,0.32002896,30430.161680423997,46.49,0.3155,0.324,0.0266,193.4
BTC-26JUN26-125000-C,call,26JUN26,125000.0,0.55694,95085.65,0.0483786,4600.11062709,46.49,0.047,0.0485,0.031,486.4
BTC-26JUN26-130000-C,call,26JUN26,130000.0,0.55694,95085.65,0.04026555,3828.6759943574993,46.49,0.0395,0.041,0.0373,1347.2
BTC-26JUN26-135000-C,call,26JUN26,135000.0,0.55694,95085.65,0.03365792,3200.385200848,46.59,0.033,0.0345,0.0446,485.4
BTC-26JUN26-140000-C,call,26JUN26,140000.0,0.55694,95085.65,0.02827459,2688.5077686335,46.76,0.0275,0.029,0.0531,462.0
BTC-26JUN26-145000-C,call,26JUN26,145000.0,0.55694,95085.65,0.02396315,2278.5516937975,47.03,0.023,0.0245,0.0626,130.7
BTC-26JUN26-150000-C,call,26JUN26,150000.0,0.55694,95085.65,0.02037675,1937.5365186374997,47.32,0.0195,0.021,0.0736,881.9
BTC-26JUN26-155000-C,call,26JUN26,155000.0,0.55694,95085.65,0.01757286,1670.9268154589997,47.75,0.017,0.018,0.0569,93.0
BTC-26JUN26-160000-C,call,26JUN26,160000.0,0.55694,95085.79,0.01515113,1440.6571654427,48.13,0.0145,0.0155,0.066,602.1
BTC-26JUN26-165000-C,call,26JUN26,165000.0,0.55694,95085.65,0.01313908,1249.3379622019997,48.53,0.0125,0.0135,0.0761,107.5
BTC-26JUN26-170000-C,call,26JUN26,170000.0,0.55694,95085.79,0.01124537,1069.2748902923,48.75,0.0105,0.012,0.1334,465.1
BTC-26JUN26-180000-C,call,26JUN26,180000.0,0.55694,95085.65,0.00871233,828.4175610645,49.65,0.008,0.009,0.1148,1277.3
BTC-26JUN26-190000-C,call,26JUN26,190000.0,0.55694,95085.65,0.00673114,640.034822141,50.36,0.006,0.0075,0.2228,500.0
BTC-26JUN26-200000-C,call,26JUN26,200000.0,0.55694,95085.65,0.00549061,522.0782207464999,51.41,0.005,0.006,0.1821,972.3
BTC-26JUN26-210000-C,call,26JUN26,210000.0,0.55694,95085.65,0.00453301,431.02420230649994,52.4,0.0041,0.005,0.1985,165.0
BTC-26JUN26-220000-C,call,26JUN26,220000.0,0.55694,95085.65,0.00372637,354.32431359049997,53.23,0.0033,0.0042,0.2415,641.8
BTC-26JUN26-230000-C,call,26JUN26,230000.0,0.55694,95085.65,0.00311261,295.9645450465,54.07,0.0027,0.0036,0.2891,738.8
BTC-26JUN26-240000-C,call,26JUN26,240000.0,0.55694,95085.65,0.00266849,253.73510616849998,54.99,0.0023,0.0031,0.2998,515.6
BTC-26JUN26-250000-C,call,26JUN26,250000.0,0.55694,95085.65,0.00238925,227.1833892625,56.13,0.0021,0.0027,0.2511,196.5
BTC-26JUN26-260000-C,call,26JUN26,260000.0,0.55694,95085.65,0.00210442,200.100143573,57.06,0.002,0.0024,0.1901,195.2
BTC-26JUN26-280000-C,call,26JUN26,280000.0,0.55694,95085.65,0.00173001,164.49912535649997,59.06,0.0015,0.002,0.289,154.6
BTC-26JUN26-300000-C,call,26JUN26,300000.0,0.55694,95085.65,0.00133902,127.321587063,60.35,0.0013,0.0015,0.1494,455.0
BTC-26JUN26-320000-C,call,26JUN26,320000.0,0.55694,95085.65,0.00109856,104.45729166399998,61.82,0.0009,0.0012,0.2731,143.3
BTC-26JUN26-340000-C,call,26JUN26,340000.0,0.55694,95085.65,0.00097709,92.90723775849999,63.6,0.0008,0.0012,0.4094,218.0
BTC-26JUN26-360000-C,call,26JUN26,360000.0,0.55694,95085.79,0.00088399,84.05488750209999,65.31,0.0006,0.0011,0.5656,172.2
BTC-26JUN26-380000-C,call,26JUN26,380000.0,0.55694,95085.65,0.0007642,72.66445373,66.56,0.0007,0.001,0.3926,250.0
BTC-25SEP26-40000-C,call,25SEP26,40000.0,0.80626,96406.52,0.59596807,57455.2076598164,65.51,0.5945,0.5975,0.005,0.0
BTC-25SEP26-40000-P,put,25SEP26,40000.0,0.80626,96406.52,0.01087428,1048.3514923056,65.51,0.01,0.0115,0.1379,483.1
BTC-25SEP26-50000-C,call,25SEP26,50000.0,0.80626,96406.52,0.50207259,48403.071189286806,60.22,0.5005,0.5035,0.006,0.1
BTC-25SEP26-50000-P,put,25SEP26,50000.0,0.80626,96406.52,0.02070535,1996.130738882,60.22,0.02,0.0215,0.0724,704.8
BTC-25SEP26-60000-C,call,25SEP26,60000.0,0.80626,96406.52,0.41366541,39880.0426224732,55.97,0.412,0.4155,0.0085,27.3
BTC-25SEP26-60000-P,put,25SEP26,60000.0,0.80626,96406.87,0.03602472,3473.0304978264003,55.97,0.035,0.0365,0.0416,685.0
BTC-25SEP26-70000-C,call,25SEP26,70000.0,0.80626,96406.52,0.33311555,32114.510933386,52.78,0.3315,0.3345,0.009,24.0
BTC-25SEP26-70000-P,put,25SEP26,70000.0,0.80626,96406.87,0.05920142,5707.423601755399,52.78,0.0585,0.06,0.0253,142.4
BTC-25SEP26-75000-C,call,25SEP26,75000.0,0.80626,96406.52,0.29666131,28600.084515741204,51.6,0.295,0.298,0.0101,1.6
BTC-25SEP26-75000-P,put,25SEP26,75000.0,0.80626,96406.52,0.07461046,7192.934804199201,51.6,0.074,0.0755,0.0201,1791.3
BTC-25SEP26-80000-C,call,25SEP26,80000.0,0.80626,96406.52,0.26288092,25343.434671598403,50.59,0.2615,0.2645,0.0114,596.2
BTC-25SEP26-80000-P,put,25SEP26,80000.0,0.80626,96406.52,0.09269334,8936.2423365768,50.59,0.092,0.0935,0.0162,1009.6
BTC-25SEP26-85000-C,call,25SEP26,85000.0,0.80626,96406.87,0.23194293,22360.891899929098,49.77,0.2305,0.2335,0.0129,32.3
BTC-25SEP26-85000-P,put,25SEP26,85000.0,0.80626,96406.52,0.11361862,10953.5757614024,49.77,0.113,0.1145,0.0132,213.3
BTC-25SEP26-90000-C,call,25SEP26,90000.0,0.80626,96406.52,0.20387003,19654.400124595602,49.09,0.2025,0.2055,0.0147,53.0
BTC-25SEP26-90000-P,put,25SEP26,90000.0,0.80626,96406.52,0.13740901,13247.1244707452,49.09,0.1365,0.1385,0.0146,292.9
BTC-25SEP26-95000-C,call,25SEP26,95000.0,0.80626,96406.52,0.17832557,17191.7476307164,48.45,0.177,0.18,0.0168,71.1
BTC-25SEP26-95000-P,put,25SEP26,95000.0,0.80626,96406.52,0.16372782,15784.4293533864,48.45,0.1625,0.1655,0.0183,76.5
BTC-25SEP26-100000-C,call,25SEP26,100000.0,0.80626,96406.52,0.15593941,15033.5758489532,48.04,0.1545,0.1575,0.0192,1072.9
BTC-25SEP26-100000-P,put,25SEP26,100000.0,0.80626,96406.87,0.19320494,18626.2835339378,48.04,0.1915,0.195,0.0181,633.5
BTC-25SEP26-105000-C,call,25SEP26,105000.0,0.80626,96406.52,0.13628731,13138.9852772612,47.78,0.135,0.1375,0.0183,76.8
BTC-25SEP26-105000-P,put,25SEP26,105000.0,0.80626,96406.87,0.22541611,21731.6616126757,47.78,0.2225,0.2305,0.0355,96.3
BTC-25SEP26-110000-C,call,25SEP26,110000.0,0.80626,96406.52,0.11898973,11471.3857850396,47.58,0.118,0.1205,0.021,114.6
BTC-25SEP26-110000-P,put,25SEP26,110000.0,0.80626,96406.52,0.25998181,25063.9415654012,47.58,0.2525,0.265,0.0481,88.0
BTC-25SEP26-115000-C,call,25SEP26,115000.0,0.80626,96406.87,0.10384685,10011.5497678595,47.44,0.103,0.105,0.0193,1013.6
BTC-25SEP26-115000-P,put,25SEP26,115000.0,0.80626,96406.52,0.29670221,28604.027542409203,47.44,0.289,0.3025,0.0455,90.7
BTC-25SEP26-120000-C,call,25SEP26,120000.0,0.80626,96406.52,0.09093074,8766.3162044248,47.44,0.09,0.092,0.022,236.4
BTC-25SEP26-120000-P,put,25SEP26,120000.0,0.80626,96406.52,0.33564937,32358.7877018924,47.44,0.3255,0.343,0.0521,82.4
BTC-25SEP26-125000-C,call,25SEP26,125000.0,0.80626,96406.87,0.07956086,7670.213487108199,47.44,0.0785,0.0805,0.0251,1228.6
BTC-25SEP26-125000-P,put,25SEP26,125000.0,0.80626,96406.52,0.37614277,36262.6154788604,47.44,0.366,0.3835,0.0465,15.5
BTC-25SEP26-130000-C,call,25SEP26,130000.0,0.80626,96406.52,0.06958152,6708.1121995103995,47.45,0.0685,0.0705,0.0287,998.9
BTC-25SEP26-130000-P,put,25SEP26,130000.0,0.80626,96406.52,0.4180267,40300.499414084,47.45,0.408,0.4255,0.0419,21.7
BTC-25SEP26-135000-C,call,25SEP26,135000.0,0.80626,96406.52,0.06096526,5877.4485574952005,47.49,0.06,0.062,0.0328,169.7
BTC-25SEP26-140000-C,call,25SEP26,140000.0,0.80626,96406.52,0.05373706,5180.6029496312,47.65,0.053,0.0545,0.0279,1202.4
BTC-25SEP26-145000-C,call,25SEP26,145000.0,0.80626,96406.87,0.04733596,4563.5117420452,47.77,0.0465,0.0485,0.0423,213.5
BTC-25SEP26-150000-C,call,25SEP26,150000.0,0.80626,96406.87,0.04189079,4038.5599457272997,47.95,0.041,0.043,0.0477,251.1
BTC-25SEP26-155000-C,call,25SEP26,155000.0,0.80626,96406.87,0.03713381,3579.9543932747,48.13,0.0365,0.038,0.0404,169.4
BTC-25SEP26-160000-C,call,25SEP26,160000.0,0.80626,96406.52,0.03303148,3184.4500372496004,48.34,0.032,0.034,0.0605,57.2
BTC-25SEP26-165000-C,call,25SEP26,165000.0,0.80626,96406.52,0.02950075,2844.06464489,48.58,0.0285,0.0305,0.0678,30.5
BTC-25SEP26-170000-C,call,25SEP26,170000.0,0.80626,96406.87,0.02648314,2553.1566351717997,48.86,0.0255,0.0275,0.0755,139.8
BTC-25SEP26-175000-C,call,25SEP26,175000.0,0.80626,96406.52,0.02382155,2296.552736506,49.13,0.023,0.0245,0.063,31.9
BTC-25SEP26-180000-C,call,25SEP26,180000.0,0.80626,96406.52,0.02144366,2067.3086366632,49.38,0.0205,0.022,0.07,547.3
BTC-25SEP26-190000-C,call,25SEP26,190000.0,0.80626,96406.87,0.01760788,1697.5205981355998,49.95,0.017,0.0185,0.0852,648.7
BTC-25SEP26-200000-C,call,25SEP26,200000.0,0.80626,96406.52,0.01472558,1419.6419227816,50.61,0.014,0.0155,0.1019,871.6
BTC-25SEP26-220000-C,call,25SEP26,220000.0,0.80626,96406.87,0.01025702,988.8471937273999,51.58,0.0095,0.011,0.1462,179.0
BTC-25SEP26-240000-C,call,25SEP26,240000.0,0.80626,96406.52,0.00771639,743.9103068628,52.93,0.007,0.0085,0.1944,142.4
BTC-25SEP26-260000-C,call,25SEP26,260000.0,0.80626,96406.52,0.0057317,552.5732506840001,53.86,0.005,0.0065,0.2617,115.6
BTC-25SEP26-280000-C,call,25SEP26,280000.0,0.80626,96406.87,0.00466611,449.8450601757,55.27,0.0039,0.0055,0.3429,123.8
BTC-25SEP26-300000-C,call,25SEP26,300000.0,0.80626,96406.87,0.00363524,350.4621100988,56.11,0.0031,0.0042,0.3026,114.9
BTC-25SEP26-320000-C,call,25SEP26,320000.0,0.80626,96406.52,0.00287723,277.38373153960003,56.9,0.0023,0.0035,0.4171,185.6
