instrument_name,type,expiry_date,strike,T_years,S0,market_price_btc,market_price_usd,mark_iv,bid_btc,ask_btc,open_interest
BTC-6DEC25-80000-C,call,6DEC25,80000.0,0.00352,92529.80714285714,0.13545041,12533.200314720927,87.33,,,0.0
BTC-6DEC25-80000-P,put,6DEC25,80000.0,0.00352,92529.80714285714,3.555e-05,3.289434643928571,87.33,,0.0001,133.5
BTC-6DEC25-82000-C,call,6DEC25,82000.0,0.00352,92529.80714285714,0.11395031,10543.800208168786,86.48,,,0.0
BTC-6DEC25-82000-P,put,6DEC25,82000.0,0.00352,92529.80714285714,0.00015008,13.886873456,86.48,0.0001,0.0003,40.4
BTC-6DEC25-83000-C,call,6DEC25,83000.0,0.00352,92529.80714285714,0.10316244,9545.600677586572,80.03,0.0001,,0.0
BTC-6DEC25-83000-P,put,6DEC25,83000.0,0.00352,92529.80714285714,0.00016952,15.685652906857142,80.03,0.0001,0.0002,71.8
BTC-6DEC25-84000-C,call,6DEC25,84000.0,0.00352,92529.80714285714,0.09238468,8548.336623354571,73.84,0.0001,,0.0
BTC-6DEC25-84000-P,put,6DEC25,84000.0,0.00352,92529.80714285714,0.00019908,18.420834006,73.84,0.0001,0.0004,72.6
BTC-6DEC25-85000-C,call,6DEC25,85000.0,0.00352,92529.80714285714,0.08164672,7554.7552554468575,68.85,0.0001,,0.0
BTC-6DEC25-85000-P,put,6DEC25,85000.0,0.00352,92529.80714285714,0.00026843,24.837776131357142,68.85,0.0002,0.0004,65.7
BTC-6DEC25-86000-C,call,6DEC25,86000.0,0.00352,92529.80714285714,0.07091479,6561.731842276215,63.07,0.0001,,0.3
BTC-6DEC25-86000-P,put,6DEC25,86000.0,0.00352,92529.80714285714,0.00034382,31.813598291857144,63.07,0.0002,0.0004,122.4
BTC-6DEC25-87000-C,call,6DEC25,87000.0,0.00352,92529.80714285714,0.06026805,5576.591043376071,58.38,0.0595,0.0615,11.7
BTC-6DEC25-87000-P,put,6DEC25,87000.0,0.00352,92529.80714285714,0.00050439,46.67110942478571,58.38,0.0004,0.0007,49.4
BTC-6DEC25-88000-C,call,6DEC25,88000.0,0.00352,92529.80714285714,0.04976505,4604.750478954643,54.36,0.049,0.051,7.2
BTC-6DEC25-88000-P,put,6DEC25,88000.0,0.00352,92529.80714285714,0.0008087,74.82885503642856,54.36,0.0007,0.001,81.3
BTC-6DEC25-89000-C,call,6DEC25,89000.0,0.00352,92529.80714285714,0.03954506,3659.0967752527145,51.04,0.0385,0.0405,13.7
BTC-6DEC25-89000-P,put,6DEC25,89000.0,0.00352,92529.80714285714,0.00139603,129.17438666564286,51.04,0.0013,0.0016,82.8
BTC-6DEC25-90000-C,call,6DEC25,90000.0,0.00352,92529.80714285714,0.02981315,2758.6050198210714,48.09,0.029,0.031,15.5
BTC-6DEC25-90000-P,put,6DEC25,90000.0,0.00352,92529.80714285714,0.00247144,228.68186656514285,48.09,0.0025,0.0027,84.6
BTC-6DEC25-91000-C,call,6DEC25,91000.0,0.00352,92529.80714285714,0.02090141,1934.0034363137856,45.41,0.02,0.0215,31.9
BTC-6DEC25-91000-P,put,6DEC25,91000.0,0.00352,92529.80714285714,0.00436701,404.07859309092856,45.41,0.0042,0.0046,133.5
BTC-6DEC25-92000-C,call,6DEC25,92000.0,0.00352,92529.80714285714,0.0133189,1232.395248355,43.23,0.013,0.014,236.9
BTC-6DEC25-92000-P,put,6DEC25,92000.0,0.00352,92529.80714285714,0.00759181,702.4687151652142,43.23,0.007,0.008,51.6
BTC-6DEC25-93000-C,call,6DEC25,93000.0,0.00352,92529.80714285714,0.00745829,690.1141353155,41.27,0.007,0.008,38.1
BTC-6DEC25-93000-P,put,6DEC25,93000.0,0.00352,92529.80714285714,0.01253852,1160.1868374568571,41.27,0.012,0.013,77.1
BTC-6DEC25-94000-C,call,6DEC25,94000.0,0.00352,92529.80714285714,0.00376259,348.15172705764286,40.71,0.0035,0.0039,62.0
BTC-6DEC25-94000-P,put,6DEC25,94000.0,0.00352,92529.80714285714,0.01965013,1818.2227392320713,40.71,0.0185,0.0205,59.1
BTC-6DEC25-95000-C,call,6DEC25,95000.0,0.00352,92529.80714285714,0.00170268,157.548652026,40.67,0.0015,0.0019,42.1
BTC-6DEC25-95000-P,put,6DEC25,95000.0,0.00352,92529.80714285714,0.02839753,2627.6179742335003,40.67,0.027,0.0295,1.0
BTC-6DEC25-96000-C,call,6DEC25,96000.0,0.00352,92529.80714285714,0.00073544,68.05012136514286,41.42,0.0006,0.0009,166.8
BTC-6DEC25-96000-P,put,6DEC25,96000.0,0.00352,92529.80714285714,0.03823761,3538.1186789037856,41.42,0.0001,,0.0
BTC-6DEC25-97000-C,call,6DEC25,97000.0,0.00352,92529.80714285714,0.00031292,28.954427251142857,42.64,0.0002,0.0004,117.2
BTC-6DEC25-97000-P,put,6DEC25,97000.0,0.00352,92529.80714285714,0.0486224,4499.021294822857,42.64,0.0475,0.05,2.2
BTC-6DEC25-98000-C,call,6DEC25,98000.0,0.00352,92529.80714285714,0.00015461,14.306033482357144,45.04,0.0001,0.0002,96.2
BTC-6DEC25-98000-P,put,6DEC25,98000.0,0.00352,92529.80714285714,0.05927141,5484.372136385214,45.04,0.0001,,0.1
BTC-6DEC25-100000-C,call,6DEC25,100000.0,0.00352,92529.80714285714,6.826e-05,6.316084635571428,52.68,,0.0001,86.8
BTC-6DEC25-100000-P,put,6DEC25,100000.0,0.00352,92529.80714285714,0.08079969,7476.379732902642,52.68,0.0001,,0.0
BTC-6DEC25-102000-C,call,6DEC25,102000.0,0.00352,92529.80714285714,3.947e-05,3.6521514879285712,60.74,,0.0001,0.5
BTC-6DEC25-102000-P,put,6DEC25,102000.0,0.00352,92529.80714285714,0.10238552,9473.712419821142,60.74,0.0001,,0.0
BTC-7DEC25-86000-C,call,7DEC25,86000.0,0.00626,92538.14428571428,0.07125204,6593.531558171486,52.07,,,0.0
BTC-7DEC25-86000-P,put,7DEC25,86000.0,0.00626,92538.14428571428,0.00059753,55.29431735504286,52.07,0.0006,0.0007,39.1
BTC-7DEC25-88000-C,call,7DEC25,88000.0,0.00626,92538.14428571428,0.05049831,4673.019896964728,46.85,,,0.0
BTC-7DEC25-88000-P,put,7DEC25,88000.0,0.00626,92538.14428571428,0.00145649,134.78088177069998,46.85,0.0013,0.0016,243.3
BTC-7DEC25-89000-C,call,7DEC25,89000.0,0.00626,92538.14428571428,0.04048615,3746.5131902730714,44.0,0.0395,0.0415,0.5
BTC-7DEC25-89000-P,put,7DEC25,89000.0,0.00626,92538.14428571428,0.00225067,208.27282519952857,44.0,0.0021,0.0025,49.7
BTC-7DEC25-90000-C,call,7DEC25,90000.0,0.00626,92538.14428571428,0.0310329,2871.7269778041427,41.62,0.03,0.032,5.1
BTC-7DEC25-90000-P,put,7DEC25,90000.0,0.00626,92538.14428571428,0.00360376,333.48526285108574,41.62,0.0035,0.0039,39.7
BTC-7DEC25-91000-C,call,7DEC25,91000.0,0.00626,92538.14428571428,0.02250167,2082.2627851295288,39.84,0.0215,0.0235,14.9
BTC-7DEC25-91000-P,put,7DEC25,91000.0,0.00626,92538.14428571428,0.00587887,544.0197202969571,39.84,0.0055,0.0065,35.1
BTC-7DEC25-92000-C,call,7DEC25,92000.0,0.00626,92538.14428571428,0.01517003,1403.8064249586141,38.26,0.015,0.0155,22.1
BTC-7DEC25-92000-P,put,7DEC25,92000.0,0.00626,92538.14428571428,0.00935358,865.5629356279715,38.26,0.009,0.01,29.9
BTC-7DEC25-93000-C,call,7DEC25,93000.0,0.00626,92538.14428571428,0.00933698,864.0268024328285,36.86,0.009,0.01,30.1
BTC-7DEC25-93000-P,put,7DEC25,93000.0,0.00626,92538.14428571428,0.01432687,1325.7819632226715,36.86,0.014,0.0145,29.2
BTC-7DEC25-94000-C,call,7DEC25,94000.0,0.00626,92537.70714285714,0.00532395,492.66612594321424,36.29,0.0049,0.0055,110.9
BTC-7DEC25-94000-P,put,7DEC25,94000.0,0.00626,92538.14428571428,0.02112018,1954.422264180257,36.29,0.02,0.022,160.6
BTC-7DEC25-95000-C,call,7DEC25,95000.0,0.00626,92538.14428571428,0.00282655,261.5636917307857,36.21,0.0025,0.0029,16.5
BTC-7DEC25-95000-P,put,7DEC25,95000.0,0.00626,92538.14428571428,0.02942913,2723.317078143043,36.21,0.028,0.03,0.0
BTC-7DEC25-96000-C,call,7DEC25,96000.0,0.00626,92538.14428571428,0.00139437,129.03241224767143,36.32,0.0012,0.0015,57.1
BTC-7DEC25-96000-P,put,7DEC25,96000.0,0.00626,92538.14428571428,0.03880328,3590.7835233989717,36.32,,,0.2
BTC-7DEC25-97000-C,call,7DEC25,97000.0,0.00626,92538.14428571428,0.00069976,64.75449184537143,37.2,0.0006,0.0008,22.0
BTC-7DEC25-97000-P,put,7DEC25,97000.0,0.00626,92538.14428571428,0.04891502,4526.5051784986,37.2,,,0.0
BTC-7DEC25-98000-C,call,7DEC25,98000.0,0.00626,92538.14428571428,0.00039051,36.13707072501428,39.0,0.0003,0.0005,47.7
BTC-7DEC25-98000-P,put,7DEC25,98000.0,0.00626,92538.14428571428,0.05941211,5497.886407498728,39.0,,,0.0
BTC-7DEC25-100000-C,call,7DEC25,100000.0,0.00626,92538.14428571428,0.00018985,17.568366692642858,44.92,0.0001,0.0002,45.9
BTC-7DEC25-100000-P,put,7DEC25,100000.0,0.00626,92538.14428571428,0.08082414,7479.315929088772,44.92,,,0.0
BTC-7DEC25-102000-C,call,7DEC25,102000.0,0.00626,92538.14428571428,0.00010892,10.0792546756,50.9,,0.0002,25.5
BTC-7DEC25-102000-P,put,7DEC25,102000.0,0.00626,92538.14428571428,0.1023559,9471.825042694143,50.9,,,0.0
BTC-8DEC25-86000-C,call,8DEC25,86000.0,0.009,92546.48142857142,0.07208037,6670.784623569557,51.24,,,0.0
BTC-8DEC25-86000-P,put,8DEC25,86000.0,0.009,92546.48142857142,0.00134315,124.3038065307857,51.24,0.0012,0.0014,165.1
BTC-8DEC25-88000-C,call,8DEC25,88000.0,0.009,92546.48142857142,0.05183284,4796.946964450114,46.46,0.051,0.053,0.0
BTC-8DEC25-88000-P,put,8DEC25,88000.0,0.009,92546.48142857142,0.00270637,250.46502094384286,46.46,0.0026,0.0027,28.3
BTC-8DEC25-89000-C,call,8DEC25,89000.0,0.009,92546.48142857142,0.042241,3909.2559220242856,44.32,0.041,0.0435,0.0
BTC-8DEC25-89000-P,put,8DEC25,89000.0,0.009,92546.48142857142,0.00391991,362.77387801667146,44.32,0.0037,0.0041,0.4
BTC-8DEC25-90000-C,call,8DEC25,90000.0,0.009,92546.48142857142,0.03326767,3078.8058038268427,42.49,0.032,0.0345,0.0
BTC-8DEC25-90000-P,put,8DEC25,90000.0,0.009,92546.48142857142,0.00575197,532.3245847827,42.49,0.0055,0.006,19.1
BTC-8DEC25-91000-C,call,8DEC25,91000.0,0.009,92546.48142857142,0.02516336,2328.780428920457,41.01,0.0245,0.026,0.0
BTC-8DEC25-91000-P,put,8DEC25,91000.0,0.009,92546.48142857142,0.00845304,782.2991093749714,41.01,0.008,0.009,10.6
BTC-8DEC25-92000-C,call,8DEC25,92000.0,0.009,92546.48142857142,0.01805022,1670.4843500116283,39.53,0.0175,0.0185,5.1
BTC-8DEC25-92000-P,put,8DEC25,92000.0,0.009,92546.48142857142,0.01214528,1124.0029299648,39.53,0.012,0.0125,18.0
BTC-8DEC25-93000-C,call,8DEC25,93000.0,0.009,92546.11571428571,0.01238105,1145.8180859643571,38.76,0.012,0.013,38.7
BTC-8DEC25-93000-P,put,8DEC25,93000.0,0.009,92546.48142857142,0.0172815,1599.3420188078571,38.76,0.0165,0.0175,42.6
BTC-8DEC25-94000-C,call,8DEC25,94000.0,0.009,92546.48142857142,0.0081118,750.7185480522858,38.4,0.0075,0.0085,106.5
BTC-8DEC25-94000-P,put,8DEC25,94000.0,0.009,92546.48142857142,0.02381762,2204.2369270027716,38.4,0.0225,0.0245,100.0
BTC-8DEC25-95000-C,call,8DEC25,95000.0,0.009,92546.48142857142,0.00504496,466.8932969478857,38.18,0.0047,0.0055,25.3
BTC-8DEC25-95000-P,put,8DEC25,95000.0,0.009,92546.48142857142,0.03155617,2920.412500861843,38.18,0.03,0.032,1.0
BTC-8DEC25-96000-C,call,8DEC25,96000.0,0.009,92546.48142857142,0.00303306,280.69903096174284,38.3,0.0027,0.0031,11.8
BTC-8DEC25-96000-P,put,8DEC25,96000.0,0.009,92546.48142857142,0.04034965,3734.218134374357,38.3,0.0385,0.041,0.1
BTC-8DEC25-97000-C,call,8DEC25,97000.0,0.009,92546.48142857142,0.0017436,161.36404501885715,38.46,0.0015,0.0018,3.5
BTC-8DEC25-97000-P,put,8DEC25,97000.0,0.009,92546.48142857142,0.04986556,4614.882122465315,38.46,,,0.0
BTC-8DEC25-98000-C,call,8DEC25,98000.0,0.009,92546.48142857142,0.00098102,90.78994921105713,38.84,0.0008,0.0011,1.2
BTC-8DEC25-98000-P,put,8DEC25,98000.0,0.009,92546.48142857142,0.05990836,5544.307926156172,38.84,,,0.0
BTC-8DEC25-100000-C,call,8DEC25,100000.0,0.009,92546.48142857142,0.00040015,37.032474543642856,41.87,0.0003,0.0005,15.2
BTC-8DEC25-100000-P,put,8DEC25,100000.0,0.009,92546.48142857142,0.08093826,7490.551175950885,41.87,,,0.0
BTC-12DEC25-55000-C,call,12DEC25,55000.0,0.01996,92579.83,0.4059526,37583.022696058004,118.78,,,0.1
BTC-12DEC25-55000-P,put,12DEC25,55000.0,0.01996,92579.83,3.403e-05,3.1504916149,118.78,,0.0001,154.2
BTC-12DEC25-60000-C,call,12DEC25,60000.0,0.01996,92579.9,0.35197509,32585.818634690997,105.7,,,1.3
BTC-12DEC25-60000-P,put,12DEC25,60000.0,0.01996,92579.9,6.393e-05,5.918633007,105.7,,0.0001,445.1
BTC-12DEC25-65000-C,call,12DEC25,65000.0,0.01996,92579.9,0.29808213,27596.413787186997,97.01,,,0.0
BTC-12DEC25-65000-P,put,12DEC25,65000.0,0.01996,92579.83,0.00017838,16.5143900754,97.01,0.0001,0.0003,725.8
BTC-12DEC25-70000-C,call,12DEC25,70000.0,0.01996,92579.83,0.24418074,22606.211398474203,82.79,,,0.0
BTC-12DEC25-70000-P,put,12DEC25,70000.0,0.01996,92579.83,0.00028439,26.3287778537,82.79,0.0002,0.0004,1090.0
BTC-12DEC25-75000-C,call,12DEC25,75000.0,0.01996,92579.83,0.19049921,17636.3844769343,71.46,,,2.3
BTC-12DEC25-75000-P,put,12DEC25,75000.0,0.01996,92579.83,0.00061026,56.4977670558,71.46,0.0005,0.0007,1700.6
BTC-12DEC25-78000-C,call,12DEC25,78000.0,0.01996,92579.83,0.15861948,14684.9644930884,66.27,,,4.1
BTC-12DEC25-78000-P,put,12DEC25,78000.0,0.01996,92579.83,0.00113497,105.07532965509999,66.27,0.001,0.0013,1079.1
BTC-12DEC25-80000-C,call,12DEC25,80000.0,0.01996,92579.83,0.13770327,12748.5453270441,63.57,,,10.3
BTC-12DEC25-80000-P,put,12DEC25,80000.0,0.01996,92579.9,0.00182172,168.65465542799998,63.57,0.0017,0.0019,2919.8
BTC-12DEC25-81000-C,call,12DEC25,81000.0,0.01996,92579.83,0.1273072,11786.078933776002,61.78,,,17.7
BTC-12DEC25-81000-P,put,12DEC25,81000.0,0.01996,92579.9,0.00222713,206.18747268699997,61.78,0.0021,0.0024,230.1
BTC-12DEC25-82000-C,call,12DEC25,82000.0,0.01996,92579.9,0.1170423,10835.764429769999,60.2,0.1165,0.118,104.1
BTC-12DEC25-82000-P,put,12DEC25,82000.0,0.01996,92579.9,0.00276371,255.86399542899997,60.2,0.0026,0.0029,958.0
BTC-12DEC25-83000-C,call,12DEC25,83000.0,0.01996,92579.83,0.10688405,9895.3071787115,58.54,,,9.2
BTC-12DEC25-83000-P,put,12DEC25,83000.0,0.01996,92579.83,0.00340694,315.4139260202,58.54,0.0032,0.0036,726.9
BTC-12DEC25-84000-C,call,12DEC25,84000.0,0.01996,92579.83,0.09693835,8974.5359634805,57.12,0.0965,0.098,94.7
BTC-12DEC25-84000-P,put,12DEC25,84000.0,0.01996,92579.83,0.00426273,394.64281873590005,57.12,0.0041,0.0045,1191.1
BTC-12DEC25-85000-C,call,12DEC25,85000.0,0.01996,92579.83,0.08720306,8073.2444702798,55.73,0.0865,0.0885,63.5
BTC-12DEC25-85000-P,put,12DEC25,85000.0,0.01996,92579.9,0.00532892,493.350880708,55.73,0.005,0.0055,872.1
BTC-12DEC25-86000-C,call,12DEC25,86000.0,0.01996,92579.83,0.0776742,7191.064231386,54.23,0.0765,0.079,274.0
BTC-12DEC25-86000-P,put,12DEC25,86000.0,0.01996,92579.9,0.00660154,611.169913046,54.23,0.006,0.007,920.8
BTC-12DEC25-87000-C,call,12DEC25,87000.0,0.01996,92579.83,0.06857599,6348.753496281701,53.1,0.067,0.0695,595.8
BTC-12DEC25-87000-P,put,12DEC25,87000.0,0.01996,92579.83,0.00830481,768.8578979823,53.1,0.008,0.0085,317.4
BTC-12DEC25-88000-C,call,12DEC25,88000.0,0.01996,92579.83,0.05989046,5544.6486054218,52.07,0.0585,0.061,1004.3
BTC-12DEC25-88000-P,put,12DEC25,88000.0,0.01996,92579.83,0.01042075,964.7512634725,52.07,0.01,0.0105,583.8
BTC-12DEC25-89000-C,call,12DEC25,89000.0,0.01996,92579.83,0.05161582,4778.5838409106,50.97,0.051,0.0525,295.1
BTC-12DEC25-89000-P,put,12DEC25,89000.0,0.01996,92579.9,0.0129476,1198.68751324,50.97,0.0125,0.0135,664.8
BTC-12DEC25-90000-C,call,12DEC25,90000.0,0.01996,92579.83,0.04389771,4064.0425291893002,49.98,0.0435,0.0445,1360.4
BTC-12DEC25-90000-P,put,12DEC25,90000.0,0.01996,92579.83,0.01603124,1484.1694738892,49.98,0.0155,0.0165,646.3
BTC-12DEC25-91000-C,call,12DEC25,91000.0,0.01996,92579.9,0.03672864,3400.3338183359997,48.96,0.036,0.0375,1026.7
BTC-12DEC25-91000-P,put,12DEC25,91000.0,0.01996,92579.83,0.01966338,1820.4323776254002,48.96,0.019,0.02,481.9
BTC-12DEC25-92000-C,call,12DEC25,92000.0,0.01996,92579.9,0.03034376,2809.222266424,48.24,0.03,0.031,567.2
BTC-12DEC25-92000-P,put,12DEC25,92000.0,0.01996,92579.83,0.02407999,2229.3213806016997,48.24,0.0235,0.0245,956.9
BTC-12DEC25-93000-C,call,12DEC25,93000.0,0.01996,92579.83,0.02479221,2295.2585871243,47.81,0.0245,0.025,1209.1
BTC-12DEC25-93000-P,put,12DEC25,93000.0,0.01996,92579.83,0.02932992,2715.3590075136,47.81,0.0285,0.0295,647.7
BTC-12DEC25-94000-C,call,12DEC25,94000.0,0.01996,92579.9,0.01982849,1835.719621351,47.21,0.0195,0.0205,581.6
BTC-12DEC25-94000-P,put,12DEC25,94000.0,0.01996,92579.9,0.03516767,3255.8193718329994,47.21,0.0345,0.0355,177.0
BTC-12DEC25-95000-C,call,12DEC25,95000.0,0.01996,92579.83,0.01585637,1467.9800390171001,47.18,0.015,0.016,1458.7
BTC-12DEC25-95000-P,put,12DEC25,95000.0,0.01996,92579.83,0.04199703,3888.0778979049,47.18,0.041,0.0425,20.1
BTC-12DEC25-96000-C,call,12DEC25,96000.0,0.01996,92579.9,0.01243177,1150.932023423,47.01,0.012,0.0125,1657.6
BTC-12DEC25-96000-P,put,12DEC25,96000.0,0.01996,92579.83,0.04937391,4571.0281942353,47.01,0.048,0.0495,104.0
BTC-12DEC25-98000-C,call,12DEC25,98000.0,0.01996,92579.83,0.00740275,685.3453365325,46.96,0.0065,0.0075,1106.7
BTC-12DEC25-98000-P,put,12DEC25,98000.0,0.01996,92579.9,0.06594785,6105.445358215,46.96,,,12.7
BTC-12DEC25-100000-C,call,12DEC25,100000.0,0.01996,92579.83,0.00417202,386.24490235660005,46.95,0.0038,0.0042,3081.4
BTC-12DEC25-100000-P,put,12DEC25,100000.0,0.01996,92579.83,0.08432009,7806.3395977847,46.95,0.0825,0.086,42.9
BTC-12DEC25-105000-C,call,12DEC25,105000.0,0.01996,92579.83,0.00111925,103.61997472750001,49.98,0.001,0.0013,2210.5
BTC-12DEC25-105000-P,put,12DEC25,105000.0,0.01996,92579.83,0.13527472,12523.7105808976,49.98,0.1335,0.1365,281.5
BTC-12DEC25-108000-C,call,12DEC25,108000.0,0.01996,92579.83,0.00059793,55.3562577519,53.15,0.0005,0.0006,945.3
BTC-12DEC25-108000-P,put,12DEC25,108000.0,0.01996,92579.83,0.16715784,15475.444410367201,53.15,0.1655,0.1685,27.3
BTC-19DEC25-70000-C,call,19DEC25,70000.0,0.03913,92653.12,0.24553878,22749.9340479936,71.0,,,0.0
BTC-19DEC25-70000-P,put,19DEC25,70000.0,0.03913,92653.12,0.00104491,96.8141716192,71.0,0.0009,0.0012,582.2
BTC-19DEC25-75000-C,call,19DEC25,75000.0,0.03913,92653.12,0.19286494,17869.5384296128,64.54,,,0.7
BTC-19DEC25-75000-P,put,19DEC25,75000.0,0.03913,92653.12,0.00233579,216.41823116479998,64.54,0.0022,0.0024,1102.0
BTC-19DEC25-80000-C,call,19DEC25,80000.0,0.03913,92653.12,0.14181581,13139.677261827199,58.58,0.141,0.143,876.0
BTC-19DEC25-80000-P,put,19DEC25,80000.0,0.03913,92653.12,0.00525138,486.5567413056,58.58,0.005,0.0055,2344.0
BTC-19DEC25-82000-C,call,19DEC25,82000.0,0.03913,92653.12,0.12223951,11325.8719887712,56.38,,,0.0
BTC-19DEC25-82000-P,put,19DEC25,82000.0,0.03913,92653.12,0.00726098,672.7524512576,56.38,0.007,0.0075,583.7
BTC-19DEC25-83000-C,call,19DEC25,83000.0,0.03913,92653.12,0.11269661,10441.692529923199,55.27,,,0.0
BTC-19DEC25-83000-P,put,19DEC25,83000.0,0.03913,92653.12,0.00851102,788.5725573823999,55.27,0.008,0.009,65.1
BTC-19DEC25-84000-C,call,19DEC25,84000.0,0.03913,92653.12,0.10340643,9580.928367561599,54.28,0.102,0.1045,119.4
BTC-19DEC25-84000-P,put,19DEC25,84000.0,0.03913,92653.12,0.01001379,927.8088865248,54.28,0.0095,0.0105,185.3
BTC-19DEC25-85000-C,call,19DEC25,85000.0,0.03913,92653.12,0.09417103,8725.2397431136,52.95,0.039,,6.4
BTC-19DEC25-85000-P,put,19DEC25,85000.0,0.03913,92653.12,0.01157133,1072.1198270496,52.95,0.0115,0.012,729.6
BTC-19DEC25-86000-C,call,19DEC25,86000.0,0.03913,92653.12,0.08548151,7920.128603811199,52.17,0.085,0.0865,44.8
BTC-19DEC25-86000-P,put,19DEC25,86000.0,0.03913,92653.12,0.01367476,1267.0091792511998,52.17,0.0135,0.014,447.4
BTC-19DEC25-87000-C,call,19DEC25,87000.0,0.03913,92653.12,0.07704774,7138.7134999488,51.3,0.0765,0.078,255.6
BTC-19DEC25-87000-P,put,19DEC25,87000.0,0.03913,92653.12,0.01603393,1485.5936403615997,51.3,0.0155,0.0165,554.3
BTC-19DEC25-88000-C,call,19DEC25,88000.0,0.03913,92653.12,0.06883746,6378.0054418752,50.26,0.068,0.07,975.4
BTC-19DEC25-88000-P,put,19DEC25,88000.0,0.03913,92653.12,0.01861659,1724.8851472607998,50.26,0.0185,0.019,87.8
BTC-19DEC25-89000-C,call,19DEC25,89000.0,0.03913,92653.12,0.06117711,5668.2501140832,49.5,0.0605,0.062,25.9
BTC-19DEC25-89000-P,put,19DEC25,89000.0,0.03913,92653.12,0.02174918,2015.1293844416,49.5,0.0215,0.022,114.9
BTC-19DEC25-90000-C,call,19DEC25,90000.0,0.03913,92653.12,0.05387119,4991.333831612799,48.67,0.0535,0.0545,441.9
BTC-19DEC25-90000-P,put,19DEC25,90000.0,0.03913,92653.12,0.02523621,2338.2135934751996,48.67,0.025,0.0255,192.7
BTC-19DEC25-91000-C,call,19DEC25,91000.0,0.03913,92653.12,0.04711284,4365.1516180608005,47.99,0.0465,0.0475,204.9
BTC-19DEC25-91000-P,put,19DEC25,91000.0,0.03913,92653.12,0.02927081,2712.0318714272,47.99,0.029,0.0295,53.6
BTC-19DEC25-92000-C,call,19DEC25,92000.0,0.03913,92653.12,0.04086774,3786.5236183487996,47.37,0.0405,0.0415,326.0
BTC-19DEC25-92000-P,put,19DEC25,92000.0,0.03913,92653.12,0.03381865,3133.4034366879996,47.37,0.0335,0.034,201.3
BTC-19DEC25-93000-C,call,19DEC25,93000.0,0.03913,92653.12,0.0352574,3266.708113088,46.94,0.0345,0.0355,216.4
BTC-19DEC25-93000-P,put,19DEC25,93000.0,0.03913,92653.12,0.03900126,3613.5884229312,46.94,0.0385,0.0395,57.0
BTC-19DEC25-94000-C,call,19DEC25,94000.0,0.03913,92653.12,0.03001321,2780.8175477152,46.34,0.0295,0.0305,405.7
BTC-19DEC25-94000-P,put,19DEC25,94000.0,0.03913,92653.12,0.04455002,4127.6983490624,46.34,0.044,0.045,32.9
BTC-19DEC25-95000-C,call,19DEC25,95000.0,0.03913,92653.12,0.02543475,2356.60894392,45.96,0.025,0.026,771.8
BTC-19DEC25-95000-P,put,19DEC25,95000.0,0.03913,92653.12,0.05076449,4703.4883837088,45.96,0.05,0.051,8.1
BTC-19DEC25-96000-C,call,19DEC25,96000.0,0.03913,92653.12,0.02161457,2002.6573479584,45.94,0.021,0.0215,420.2
BTC-19DEC25-96000-P,put,19DEC25,96000.0,0.03913,92653.12,0.05773726,5349.5372792512,45.94,0.0565,0.058,3.7
BTC-19DEC25-97000-C,call,19DEC25,97000.0,0.03913,92653.12,0.01804832,1672.2331587584,45.65,0.0175,0.018,19.8
BTC-19DEC25-97000-P,put,19DEC25,97000.0,0.03913,92653.12,0.06496395,6019.112655024001,45.65,0.0635,0.0655,0.4
BTC-19DEC25-98000-C,call,19DEC25,98000.0,0.03913,92653.12,0.01496793,1386.8254144416,45.42,0.014,0.015,617.9
BTC-19DEC25-98000-P,put,19DEC25,98000.0,0.03913,92653.12,0.07267651,6733.7054022112,45.42,0.0715,0.0735,39.3
BTC-19DEC25-99000-C,call,19DEC25,99000.0,0.03913,92653.12,0.01246492,1154.9137285504,45.46,0.0115,0.0125,277.1
BTC-19DEC25-99000-P,put,19DEC25,99000.0,0.03913,92653.12,0.08096644,7501.793281292799,45.46,,,2.6
BTC-19DEC25-100000-C,call,19DEC25,100000.0,0.03913,92653.12,0.0104569,968.8644105279999,45.74,0.0095,0.0105,252.1
BTC-19DEC25-100000-P,put,19DEC25,100000.0,0.03913,92653.12,0.08975137,8315.7444547744,45.74,,0.139,0.2
BTC-19DEC25-105000-C,call,19DEC25,105000.0,0.03913,92653.12,0.00374449,346.93868130879997,45.98,0.0035,0.0037,1318.9
BTC-19DEC25-105000-P,put,19DEC25,105000.0,0.03913,92653.12,0.13700368,12693.818403481599,45.98,,,0.5
BTC-19DEC25-115000-C,call,19DEC25,115000.0,0.03913,92653.12,0.00079956,74.08172862720001,52.6,0.0007,0.0009,879.1
BTC-19DEC25-115000-P,put,19DEC25,115000.0,0.03913,92653.12,0.2419882,22420.961733183998,52.6,,,0.4
BTC-26DEC25-20000-C,call,26DEC25,20000.0,0.05831,92726.41,0.78431611,72726.8171854651,170.17,0.784,0.785,36.9
BTC-26DEC25-20000-P,put,26DEC25,20000.0,0.05831,92726.47,4.23e-06,0.3922329681,170.17,,0.0001,525.8
BTC-26DEC25-30000-C,call,26DEC25,30000.0,0.05831,92726.41,0.67649083,62728.566063820304,140.98,0.6755,0.677,33.0
BTC-26DEC25-30000-P,put,26DEC25,30000.0,0.05831,92726.41,2.301e-05,2.1336346941000004,140.98,,0.0001,728.5
BTC-26DEC25-40000-C,call,26DEC25,40000.0,0.05831,92726.41,0.56875935,52739.0126794335,123.26,0.568,0.5695,24.8
BTC-26DEC25-40000-P,put,26DEC25,40000.0,0.05831,92726.47,0.00013559,12.5727820673,123.26,0.0001,0.0002,1165.2
BTC-26DEC25-50000-C,call,26DEC25,50000.0,0.05831,92726.41,0.46095991,42743.1576082231,94.9,0.46,0.4615,42.2
BTC-26DEC25-50000-P,put,26DEC25,50000.0,0.05831,92726.41,0.0001802,16.709299082,94.9,0.0001,0.0003,1430.1
BTC-26DEC25-60000-C,call,26DEC25,60000.0,0.05831,92726.41,0.35357913,32786.12337582331,79.91,0.353,0.3545,54.4
BTC-26DEC25-60000-P,put,26DEC25,60000.0,0.05831,92726.47,0.00064349,59.6685561803,79.91,0.0005,0.0008,1811.1
BTC-26DEC25-65000-C,call,26DEC25,65000.0,0.05831,92726.41,0.30015968,27832.729553148798,72.49,0.2995,0.301,72.9
BTC-26DEC25-65000-P,put,26DEC25,65000.0,0.05831,92726.41,0.00114607,106.2709567087,72.49,0.001,0.0013,2500.7
BTC-26DEC25-70000-C,call,26DEC25,70000.0,0.05831,92726.41,0.24734176,22935.113447881602,66.52,0.2465,0.2485,59.8
BTC-26DEC25-70000-P,put,26DEC25,70000.0,0.05831,92726.41,0.00225017,208.65018598970002,66.52,0.0021,0.0024,2982.5
BTC-26DEC25-75000-C,call,26DEC25,75000.0,0.05831,92726.41,0.195476,18125.787721160003,60.58,0.194,0.1965,372.3
BTC-26DEC25-75000-P,put,26DEC25,75000.0,0.05831,92726.41,0.00430644,399.3207210804,60.58,0.0041,0.0045,4274.7
BTC-26DEC25-80000-C,call,26DEC25,80000.0,0.05831,92726.47,0.14575223,13515.0897825281,55.5,0.145,0.147,890.3
BTC-26DEC25-80000-P,put,26DEC25,80000.0,0.05831,92726.41,0.0085047,788.6102991270001,55.5,0.008,0.009,6689.0
BTC-26DEC25-82000-C,call,26DEC25,82000.0,0.05831,92726.41,0.12669291,11747.7787167531,53.39,0.126,0.128,26.6
BTC-26DEC25-82000-P,put,26DEC25,82000.0,0.05831,92726.41,0.01101419,1021.3062977579001,53.39,0.0105,0.0115,1654.1
BTC-26DEC25-84000-C,call,26DEC25,84000.0,0.05831,92726.47,0.10862835,10072.7234374245,51.76,0.108,0.1095,117.9
BTC-26DEC25-84000-P,put,26DEC25,84000.0,0.05831,92726.41,0.01451845,1346.2437472645001,51.76,0.014,0.015,579.1
BTC-26DEC25-85000-C,call,26DEC25,85000.0,0.05831,92726.47,0.1000656,9278.729856432,51.13,0.099,0.101,548.4
BTC-26DEC25-85000-P,put,26DEC25,85000.0,0.05831,92726.47,0.0167401,1552.250380447,51.13,0.0165,0.017,13426.9
BTC-26DEC25-86000-C,call,26DEC25,86000.0,0.05831,92726.41,0.09156257,8490.2684064737,50.23,0.0905,0.0925,691.4
BTC-26DEC25-86000-P,put,26DEC25,86000.0,0.05831,92726.41,0.01902148,1763.7935532868,50.23,0.0185,0.0195,1568.9
BTC-26DEC25-88000-C,call,26DEC25,88000.0,0.05831,92726.47,0.07550926,7001.707132112199,48.57,0.0745,0.0765,1186.8
BTC-26DEC25-88000-P,put,26DEC25,88000.0,0.05831,92726.47,0.02453698,2275.2275398606002,48.57,0.024,0.025,925.6
BTC-26DEC25-90000-C,call,26DEC25,90000.0,0.05831,92726.41,0.06096221,5652.8068789661,47.15,0.0605,0.062,2433.7
BTC-26DEC25-90000-P,put,26DEC25,90000.0,0.05831,92726.41,0.03155874,2926.3286643234,47.15,0.031,0.032,3612.9
BTC-26DEC25-92000-C,call,26DEC25,92000.0,0.05831,92726.41,0.04830089,4478.7681295049,46.16,0.048,0.0485,617.9
BTC-26DEC25-92000-P,put,26DEC25,92000.0,0.05831,92726.41,0.04046624,3752.2891613984,46.16,0.04,0.0405,1163.7
BTC-26DEC25-94000-C,call,26DEC25,94000.0,0.05831,92726.41,0.03722013,3451.2890346332997,45.12,0.037,0.0375,1115.3
BTC-26DEC25-94000-P,put,26DEC25,94000.0,0.05831,92726.41,0.05095429,4724.8083857989,45.12,0.0505,0.051,635.3
BTC-26DEC25-95000-C,call,26DEC25,95000.0,0.05831,92726.4,0.03229059,2994.190164576,44.58,0.032,0.0325,4714.2
BTC-26DEC25-95000-P,put,26DEC25,95000.0,0.05831,92726.47,0.05680939,5267.7341975533,44.58,0.0565,0.057,3035.9
BTC-26DEC25-96000-C,call,26DEC25,96000.0,0.05831,92726.41,0.02828184,2622.4734913944,44.58,0.0275,0.0285,1100.9
BTC-26DEC25-96000-P,put,26DEC25,96000.0,0.05831,92726.41,0.06358481,5895.991161832101,44.58,0.0625,0.064,840.6
BTC-26DEC25-98000-C,call,26DEC25,98000.0,0.05831,92726.47,0.02097875,1945.2854325125002,44.09,0.0205,0.021,2035.0
BTC-26DEC25-98000-P,put,26DEC25,98000.0,0.05831,92726.41,0.07785053,7218.800163497301,44.09,0.076,0.0785,1036.5
BTC-26DEC25-100000-C,call,26DEC25,100000.0,0.05831,92726.41,0.01547861,1435.2759370901001,44.01,0.0145,0.0155,18084.2
BTC-26DEC25-100000-P,put,26DEC25,100000.0,0.05831,92726.41,0.0939192,8708.790246072,44.01,0.092,0.095,2552.0
BTC-26DEC25-102000-C,call,26DEC25,102000.0,0.05831,92726.41,0.01131754,1049.4348542313999,44.11,0.0105,0.011,1457.2
BTC-26DEC25-102000-P,put,26DEC25,102000.0,0.05831,92726.41,0.11132695,10322.9484097495,44.11,0.109,0.113,961.7
BTC-26DEC25-104000-C,call,26DEC25,104000.0,0.05831,92726.41,0.00798976,740.8617615616,43.94,0.0075,0.008,1233.0
BTC-26DEC25-104000-P,put,26DEC25,104000.0,0.05831,92726.41,0.12956798,12014.3736363518,43.94,0.1275,0.131,882.8
BTC-26DEC25-105000-C,call,26DEC25,105000.0,0.05831,92726.47,0.00699028,648.1839887116,44.48,0.006,0.007,2360.0
BTC-26DEC25-105000-P,put,26DEC25,105000.0,0.05831,92726.47,0.1393529,12921.702501263,44.48,0.137,0.1405,3432.0
BTC-26DEC25-106000-C,call,26DEC25,106000.0,0.05831,92726.41,0.00590705,547.7395401905,44.58,0.005,0.006,16831.6
BTC-26DEC25-106000-P,put,26DEC25,106000.0,0.05831,92726.41,0.14905408,13821.2497342528,44.58,0.1465,0.151,365.9
BTC-26DEC25-108000-C,call,26DEC25,108000.0,0.05831,92726.47,0.00410614,380.7478675258,44.58,0.0039,0.0043,2127.7
BTC-26DEC25-108000-P,put,26DEC25,108000.0,0.05831,92726.41,0.16882198,15654.256134491801,44.58,0.1665,0.1705,939.5
BTC-26DEC25-110000-C,call,26DEC25,110000.0,0.05831,92726.47,0.00299329,277.5572153863,45.19,0.0028,0.0032,5818.3
BTC-26DEC25-110000-P,put,26DEC25,110000.0,0.05831,92726.47,0.18927794,17551.0752250718,45.19,0.187,0.191,2387.8
BTC-26DEC25-112000-C,call,26DEC25,112000.0,0.05831,92726.41,0.00228914,212.2637341874,46.24,0.0021,0.0024,16211.3
BTC-26DEC25-112000-P,put,26DEC25,112000.0,0.05831,92726.41,0.2101426,19485.768886066002,46.24,0.208,0.212,480.9
BTC-26DEC25-114000-C,call,26DEC25,114000.0,0.05831,92726.41,0.00179062,166.0377642742,47.41,0.0016,0.002,766.9
BTC-26DEC25-114000-P,put,26DEC25,114000.0,0.05831,92726.41,0.23121289,21439.541235424902,47.41,0.229,0.233,377.1
BTC-26DEC25-115000-C,call,26DEC25,115000.0,0.05831,92726.47,0.00158994,147.4295237118,47.99,0.0014,0.0018,4114.6
BTC-26DEC25-115000-P,put,26DEC25,115000.0,0.05831,92726.47,0.24179662,22420.9470305314,47.99,0.2395,0.2435,1117.0
BTC-26DEC25-116000-C,call,26DEC25,116000.0,0.05831,92726.41,0.00144295,133.7995733095,48.74,0.0013,0.0016,5641.3
BTC-26DEC25-116000-P,put,26DEC25,116000.0,0.05831,92726.41,0.25243404,23407.302290996402,48.74,0.2505,0.2545,780.9
BTC-26DEC25-118000-C,call,26DEC25,118000.0,0.05831,92726.47,0.00124238,115.2015117986,50.5,0.0011,0.0014,15092.7
BTC-26DEC25-118000-P,put,26DEC25,118000.0,0.05831,92726.41,0.27380228,25388.702474214802,50.5,0.2715,0.276,259.8
BTC-26DEC25-120000-C,call,26DEC25,120000.0,0.05831,92726.47,0.00099517,92.27860114990001,51.59,0.0009,0.0011,6842.6
BTC-26DEC25-120000-P,put,26DEC25,120000.0,0.05831,92726.47,0.29512388,27365.7956051036,51.59,0.293,0.297,962.2
BTC-26DEC25-122000-C,call,26DEC25,122000.0,0.05831,92726.41,0.00083988,77.8790572308,53.0,0.0007,0.001,1147.9
BTC-26DEC25-122000-P,put,26DEC25,122000.0,0.05831,92726.47,0.3165374,29351.395724978003,53.0,0.314,0.319,70.9
BTC-26DEC25-124000-C,call,26DEC25,124000.0,0.05831,92726.47,0.00069405,64.3568065035,54.18,0.0006,0.0008,2140.9
BTC-26DEC25-124000-P,put,26DEC25,124000.0,0.05831,92726.41,0.33796038,31337.8527596358,54.18,0.336,0.3405,97.8
BTC-26DEC25-125000-C,call,26DEC25,125000.0,0.05831,92726.47,0.00069385,64.3382612095,55.44,0.0006,0.0008,7365.6
BTC-26DEC25-125000-P,put,26DEC25,125000.0,0.05831,92726.41,0.34874459,32337.833837621904,55.44,0.346,0.351,673.8
BTC-26DEC25-126000-C,call,26DEC25,126000.0,0.05831,92726.41,0.00059332,55.016433581200005,55.52,0.0005,0.0007,1393.3
BTC-26DEC25-126000-P,put,26DEC25,126000.0,0.05831,92726.41,0.35942846,33328.5107476286,55.52,0.3575,0.362,46.8
BTC-26DEC25-128000-C,call,26DEC25,128000.0,0.05831,92726.47,0.00049218,45.638114004600006,56.58,0.0004,0.0006,677.4
BTC-26DEC25-128000-P,put,26DEC25,128000.0,0.05831,92726.47,0.38089614,35319.1544988258,56.58,0.379,0.3835,34.2
BTC-26DEC25-130000-C,call,26DEC25,130000.0,0.05831,92726.47,0.00046783,43.3802244601,58.54,0.0004,0.0005,7052.9
BTC-26DEC25-130000-P,put,26DEC25,130000.0,0.05831,92726.41,0.4024406,37316.872076246,58.54,0.4,0.405,396.6
BTC-26DEC25-132000-C,call,26DEC25,132000.0,0.05831,92726.47,0.00039036,36.1967048292,59.5,0.0003,0.0006,524.8
BTC-26DEC25-132000-P,put,26DEC25,132000.0,0.05831,92726.41,0.42393194,39309.6868805354,59.5,,,5.7
BTC-26DEC25-134000-C,call,26DEC25,134000.0,0.05831,92726.41,0.00039035,36.1957541435,61.68,0.0003,0.0006,232.8
BTC-26DEC25-134000-P,put,26DEC25,134000.0,0.05831,92726.41,0.44550074,41309.6842725434,61.68,,,2.0
BTC-26DEC25-135000-C,call,26DEC25,135000.0,0.05831,92726.41,0.00034687,32.164009836700004,61.91,0.0003,0.0004,3636.6
BTC-26DEC25-135000-P,put,26DEC25,135000.0,0.05831,92726.47,0.45624167,42305.6795260049,61.91,0.454,0.459,133.4
BTC-26DEC25-136000-C,call,26DEC25,136000.0,0.05831,92726.47,0.0002983,27.660306001,61.91,0.0002,0.0005,450.7
BTC-26DEC25-136000-P,put,26DEC25,136000.0,0.05831,92726.41,0.4669775,43301.147125775,61.91,,,13.3
BTC-26DEC25-138000-C,call,26DEC25,138000.0,0.05831,92726.41,0.00028706,26.6180432546,63.69,0.0002,0.0005,923.6
BTC-26DEC25-138000-P,put,26DEC25,138000.0,0.05831,92726.47,0.48853508,45300.1334395676,63.69,,,0.3
BTC-26DEC25-140000-C,call,26DEC25,140000.0,0.05831,92726.41,0.00028704,26.6161887264,65.69,0.0002,0.0005,11231.4
BTC-26DEC25-140000-P,put,26DEC25,140000.0,0.05831,92726.41,0.51010387,47300.100592206705,65.69,0.507,0.5125,198.8
BTC-26DEC25-142000-C,call,26DEC25,142000.0,0.05831,92726.47,0.00021675,20.098462372500002,65.69,0.0001,0.0004,198.3
BTC-26DEC25-142000-P,put,26DEC25,142000.0,0.05831,92726.41,0.53160239,49293.5811721199,65.69,,,0.0
BTC-26DEC25-144000-C,call,26DEC25,144000.0,0.05831,92726.41,0.00021222,19.6783987302,67.43,0.0001,0.0004,223.8
BTC-26DEC25-144000-P,put,26DEC25,144000.0,0.05831,92726.47,0.55316667,51293.1926307549,67.43,,,0.0
BTC-26DEC25-145000-C,call,26DEC25,145000.0,0.05831,92726.41,0.00021219,19.675616937900003,68.36,0.0001,0.0004,2757.2
BTC-26DEC25-145000-P,put,26DEC25,145000.0,0.05831,92726.41,0.56395105,52293.156282230506,68.36,,,0.3
BTC-26DEC25-146000-C,call,26DEC25,146000.0,0.05831,92726.41,0.00021216,19.6728351456,69.27,0.0001,0.0004,245.8
BTC-26DEC25-146000-P,put,26DEC25,146000.0,0.05831,92726.41,0.57473543,53293.15312370631,69.27,,,0.0
BTC-26DEC25-148000-C,call,26DEC25,148000.0,0.05831,92726.41,0.00022402,20.772570368200004,71.48,,0.0004,201.2
BTC-26DEC25-148000-P,put,26DEC25,148000.0,0.05831,92726.41,0.5963161,55294.251178201004,71.48,,,0.1
BTC-26DEC25-150000-C,call,26DEC25,150000.0,0.05831,92726.47,0.00022368,20.7410568096,73.27,,0.0004,6942.4
BTC-26DEC25-150000-P,put,26DEC25,150000.0,0.05831,92726.41,0.61788456,57294.217043229604,73.27,0.6155,0.6205,163.6
BTC-26DEC25-160000-C,call,26DEC25,160000.0,0.05831,92726.47,0.00013588,12.599672743600001,78.03,,0.0003,5563.8
BTC-26DEC25-160000-P,put,26DEC25,160000.0,0.05831,92726.41,0.72564082,67286.0681880562,78.03,0.7225,0.729,753.3
BTC-26DEC25-170000-C,call,26DEC25,170000.0,0.05831,92726.41,5.559e-05,5.1546611319,79.44,,0.0001,3117.0
BTC-26DEC25-170000-P,put,26DEC25,170000.0,0.05831,92726.41,0.8334046,77278.616635486,79.44,0.8305,0.836,24.1
BTC-26DEC25-180000-C,call,26DEC25,180000.0,0.05831,92726.47,4.992e-05,4.6289053824,85.41,,0.0002,5100.4
BTC-26DEC25-180000-P,put,26DEC25,180000.0,0.05831,92726.41,0.94124299,87278.0834003659,85.41,,,8.2
BTC-26DEC25-190000-C,call,26DEC25,190000.0,0.05831,92726.41,4.695e-05,4.3535049495,91.21,,0.0002,1954.9
BTC-26DEC25-190000-P,put,26DEC25,190000.0,0.05831,92726.41,1.04908407,97277.7995992887,91.21,,,4.0
BTC-26DEC25-200000-C,call,26DEC25,200000.0,0.05831,92726.47,4.735e-05,4.3905983545,97.11,,0.0001,8449.3
BTC-26DEC25-200000-P,put,26DEC25,200000.0,0.05831,92726.41,1.15692853,107277.82921347731,97.11,1.153,1.161,25.0
BTC-26DEC25-210000-C,call,26DEC25,210000.0,0.05831,92726.41,4.767e-05,4.420267964700001,102.67,,0.0001,440.8
BTC-26DEC25-210000-P,put,26DEC25,210000.0,0.05831,92726.41,1.26477291,117277.85140955311,102.67,,,0.0
BTC-26DEC25-220000-C,call,26DEC25,220000.0,0.05831,92726.47,3.192e-05,2.9598289224,104.83,,0.0001,462.9
BTC-26DEC25-220000-P,put,26DEC25,220000.0,0.05831,92726.47,1.37260122,127276.4658482934,104.83,,,0.2
BTC-26DEC25-230000-C,call,26DEC25,230000.0,0.05831,92726.41,1.623e-05,1.5049496343,104.83,,0.0001,259.7
BTC-26DEC25-230000-P,put,26DEC25,230000.0,0.05831,92726.41,1.48042959,137274.9211384719,104.83,,,0.5
BTC-26DEC25-240000-C,call,26DEC25,240000.0,0.05831,92726.41,1.111e-05,1.0301904151,106.72,,0.0001,294.7
BTC-26DEC25-240000-P,put,26DEC25,240000.0,0.05831,92726.41,1.58826853,147274.4389028773,106.72,,,0.2
BTC-26DEC25-260000-C,call,26DEC25,260000.0,0.05831,92726.47,8.46e-06,0.7844659362,113.01,,0.0001,212.5
BTC-26DEC25-260000-P,put,26DEC25,260000.0,0.05831,92726.41,1.803954,167274.17822514,113.01,,,0.0
BTC-26DEC25-280000-C,call,26DEC25,280000.0,0.05831,92726.41,8.51e-06,0.7891017491,120.43,,0.0001,176.5
BTC-26DEC25-280000-P,put,26DEC25,280000.0,0.05831,92726.41,2.01964217,187274.1679087097,120.43,,,0.0
BTC-26DEC25-300000-C,call,26DEC25,300000.0,0.05831,92726.41,3.6e-06,0.333815076,121.31,,0.0001,284.5
BTC-26DEC25-300000-P,put,26DEC25,300000.0,0.05831,92726.41,2.23532537,207273.6967420217,121.31,2.2285,2.2425,7.6
BTC-26DEC25-320000-C,call,26DEC25,320000.0,0.05831,92726.41,1.37e-06,0.1270351817,121.31,,0.0001,177.4
BTC-26DEC25-320000-P,put,26DEC25,320000.0,0.05831,92726.47,2.45101126,227273.6220700522,121.31,,,13.7
BTC-26DEC25-340000-C,call,26DEC25,340000.0,0.05831,92726.41,5.3e-07,0.0491449973,121.31,,0.0001,236.0
BTC-26DEC25-340000-P,put,26DEC25,340000.0,0.05831,92726.47,2.66669854,247273.5421683538,121.31,,,0.0
BTC-26DEC25-400000-C,call,26DEC25,400000.0,0.05831,92726.41,3e-08,0.0027817923,121.31,,0.0001,634.9
BTC-26DEC25-400000-P,put,26DEC25,400000.0,0.05831,92726.41,3.3137624,307273.290944984,121.31,3.3055,3.323,20.1
BTC-30JAN26-55000-C,call,30JAN26,55000.0,0.1542,93126.49,0.41178438,38348.033946226205,70.8,0.411,0.413,4.0
BTC-30JAN26-55000-P,put,30JAN26,55000.0,0.1542,93126.49,0.00238098,221.7323101602,70.8,0.0022,0.0024,593.8
BTC-30JAN26-60000-C,call,30JAN26,60000.0,0.1542,93126.49,0.35952262,33481.0796762038,65.98,0.359,0.3605,9.9
BTC-30JAN26-60000-P,put,30JAN26,60000.0,0.1542,93126.49,0.00380983,354.7960953967,65.98,0.0037,0.004,758.0
BTC-30JAN26-65000-C,call,30JAN26,65000.0,0.1542,93126.49,0.30802282,28685.0840665018,61.43,0.307,0.3095,7.3
BTC-30JAN26-65000-P,put,30JAN26,65000.0,0.1542,93126.49,0.00600063,558.8176096887,61.43,0.0055,0.0065,1570.9
BTC-30JAN26-70000-C,call,30JAN26,70000.0,0.1542,93126.49,0.25786715,24014.2625658035,57.44,0.2565,0.259,68.0
BTC-30JAN26-70000-P,put,30JAN26,70000.0,0.1542,93126.49,0.00953556,888.0132329844,57.44,0.0095,0.01,750.3
BTC-30JAN26-75000-C,call,30JAN26,75000.0,0.1542,93126.49,0.20973765,19532.131165348503,53.9,0.2085,0.211,55.5
BTC-30JAN26-75000-P,put,30JAN26,75000.0,0.1542,93126.49,0.01509666,1405.8989565234,53.9,0.015,0.0155,845.3
BTC-30JAN26-80000-C,call,30JAN26,80000.0,0.1542,93126.49,0.1644841,15317.826893809,50.65,0.1635,0.166,143.2
BTC-30JAN26-80000-P,put,30JAN26,80000.0,0.1542,93126.49,0.02353371,2191.6118089779,50.65,0.023,0.024,2538.6
BTC-30JAN26-82000-C,call,30JAN26,82000.0,0.1542,93126.49,0.1475421,13740.077900229002,49.51,0.147,0.149,23.6
BTC-30JAN26-82000-P,put,30JAN26,82000.0,0.1542,93126.49,0.02806795,2613.8696649955004,49.51,0.0275,0.0285,636.6
BTC-30JAN26-84000-C,call,30JAN26,84000.0,0.1542,93126.49,0.13153813,12249.684348063702,48.58,0.1305,0.1325,171.4
BTC-30JAN26-84000-P,put,30JAN26,84000.0,0.1542,93126.49,0.03354022,3123.4829624278004,48.58,0.033,0.034,205.5
BTC-30JAN26-85000-C,call,30JAN26,85000.0,0.1542,93126.49,0.12380504,11529.528819509602,48.1,0.123,0.125,273.9
BTC-30JAN26-85000-P,put,30JAN26,85000.0,0.1542,93126.49,0.03654525,3403.3308586725,48.1,0.036,0.037,1212.5
BTC-30JAN26-86000-C,call,30JAN26,86000.0,0.1542,93126.49,0.11619748,10821.0634592452,47.56,0.1155,0.1175,264.0
BTC-30JAN26-86000-P,put,30JAN26,86000.0,0.1542,93126.49,0.03967581,3694.8689232069,47.56,0.0395,0.04,606.3
BTC-30JAN26-88000-C,call,30JAN26,88000.0,0.1542,93126.49,0.10206599,9505.0473970751,46.8,0.1015,0.103,568.0
BTC-30JAN26-88000-P,put,30JAN26,88000.0,0.1542,93126.17,0.04702056,4378.8446640552,46.8,0.0465,0.0475,234.0
BTC-30JAN26-90000-C,call,30JAN26,90000.0,0.1542,93126.49,0.08893123,8281.853301282701,46.09,0.0885,0.0895,1056.7
BTC-30JAN26-90000-P,put,30JAN26,90000.0,0.1542,93126.49,0.05536204,5155.672464439601,46.09,0.055,0.0555,1053.7
BTC-30JAN26-92000-C,call,30JAN26,92000.0,0.1542,93126.49,0.07688597,7160.1205163453005,45.45,0.0765,0.0775,1507.2
BTC-30JAN26-92000-P,put,30JAN26,92000.0,0.1542,93126.49,0.06479302,6033.946529099801,45.45,0.064,0.065,387.2
BTC-30JAN26-94000-C,call,30JAN26,94000.0,0.1542,93126.49,0.06593246,6140.0585768654,44.87,0.0655,0.0665,950.5
BTC-30JAN26-94000-P,put,30JAN26,94000.0,0.1542,93126.17,0.07531576,7013.868269439199,44.87,0.075,0.0755,397.8
BTC-30JAN26-95000-C,call,30JAN26,95000.0,0.1542,93126.49,0.06093877,5675.0137550173,44.64,0.0605,0.0615,625.7
BTC-30JAN26-95000-P,put,30JAN26,95000.0,0.1542,93126.49,0.08106018,7548.8500421682,44.64,0.0805,0.0815,668.1
BTC-30JAN26-96000-C,call,30JAN26,96000.0,0.1542,93126.17,0.05639083,5251.462021021101,44.54,0.056,0.0565,414.7
BTC-30JAN26-96000-P,put,30JAN26,96000.0,0.1542,93126.49,0.08725036,8125.319778036401,44.54,0.0865,0.0875,64.4
BTC-30JAN26-98000-C,call,30JAN26,98000.0,0.1542,93126.49,0.04746005,4419.7878717245,43.96,0.047,0.048,830.2
BTC-30JAN26-98000-P,put,30JAN26,98000.0,0.1542,93126.49,0.09979582,9293.6344332718,43.96,0.099,0.1,216.4
BTC-30JAN26-100000-C,call,30JAN26,100000.0,0.1542,93126.49,0.04037305,3759.8004370945005,43.95,0.0395,0.0405,2440.2
BTC-30JAN26-100000-P,put,30JAN26,100000.0,0.1542,93126.17,0.11418506,10633.617309020201,43.95,0.1125,0.115,316.3
BTC-30JAN26-102000-C,call,30JAN26,102000.0,0.1542,93126.49,0.03395231,3161.8594576919,43.8,0.033,0.034,927.4
BTC-30JAN26-102000-P,put,30JAN26,102000.0,0.1542,93126.49,0.12924057,12035.7206496993,43.8,0.1275,0.1305,242.2
BTC-30JAN26-104000-C,call,30JAN26,104000.0,0.1542,93126.49,0.02844886,2649.3424763014,43.72,0.0275,0.0285,807.0
BTC-30JAN26-104000-P,put,30JAN26,104000.0,0.1542,93126.49,0.14521335,13523.2095866415,43.72,0.143,0.1465,112.6
BTC-30JAN26-105000-C,call,30JAN26,105000.0,0.1542,93126.17,0.02595719,2417.2936886623,43.66,0.025,0.026,587.5
BTC-30JAN26-105000-P,put,30JAN26,105000.0,0.1542,93126.49,0.1534598,14291.172530102001,43.66,0.1515,0.1555,20.0
BTC-30JAN26-106000-C,call,30JAN26,106000.0,0.1542,93126.49,0.02347116,2185.7867470284004,43.46,0.023,0.0235,362.4
BTC-30JAN26-106000-P,put,30JAN26,106000.0,0.1542,93126.49,0.16171189,15059.6607069661,43.46,0.158,0.1645,36.4
BTC-30JAN26-108000-C,call,30JAN26,108000.0,0.1542,93126.49,0.01947503,1813.6411865447,43.43,0.019,0.0195,601.6
BTC-30JAN26-108000-P,put,30JAN26,108000.0,0.1542,93126.49,0.179192,16687.52199608,43.43,0.1755,0.182,23.8
BTC-30JAN26-110000-C,call,30JAN26,110000.0,0.1542,93126.49,0.01641293,1528.4785615157,43.72,0.0155,0.0165,2804.3
BTC-30JAN26-110000-P,put,30JAN26,110000.0,0.1542,93126.49,0.19760614,18402.3662206486,43.72,0.1935,0.199,743.8
BTC-30JAN26-112000-C,call,30JAN26,112000.0,0.1542,93126.49,0.01348127,1255.4633558423002,43.66,0.0125,0.0135,1778.9
BTC-30JAN26-112000-P,put,30JAN26,112000.0,0.1542,93126.49,0.21615072,20129.3578645728,43.66,0.2125,0.219,237.9
BTC-30JAN26-114000-C,call,30JAN26,114000.0,0.1542,93126.17,0.01131592,1053.8082896264,43.95,0.0105,0.0115,188.9
BTC-30JAN26-114000-P,put,30JAN26,114000.0,0.1542,93126.49,0.23546161,21927.7132690489,43.95,0.2315,0.237,31.9
BTC-30JAN26-115000-C,call,30JAN26,115000.0,0.1542,93126.17,0.01025136,954.6698940911999,43.95,0.0095,0.0105,1334.5
BTC-30JAN26-115000-P,put,30JAN26,115000.0,0.1542,93126.49,0.24513518,22828.5788889182,43.95,,,0.5
BTC-30JAN26-116000-C,call,30JAN26,116000.0,0.1542,93126.49,0.00927413,863.6671747037001,43.96,0.0085,0.0095,757.4
BTC-30JAN26-116000-P,put,30JAN26,116000.0,0.1542,93126.49,0.25489607,23737.5763138943,43.96,,,11.8
BTC-30JAN26-118000-C,call,30JAN26,118000.0,0.1542,93126.49,0.00756517,704.5177283533001,43.96,0.007,0.008,1373.2
BTC-30JAN26-118000-P,put,30JAN26,118000.0,0.1542,93126.49,0.27466334,25578.4327858766,43.96,,,2.2
BTC-30JAN26-120000-C,call,30JAN26,120000.0,0.1542,93126.49,0.0062319,580.3549730310001,44.1,0.006,0.0065,715.7
BTC-30JAN26-120000-P,put,30JAN26,120000.0,0.1542,93126.49,0.29480632,27454.277811416803,44.1,,,8.8
BTC-30JAN26-122000-C,call,30JAN26,122000.0,0.1542,93126.49,0.00523783,487.7807231167,44.45,0.005,0.0055,89.4
BTC-30JAN26-122000-P,put,30JAN26,122000.0,0.1542,93126.49,0.31528848,29361.7094798352,44.45,,,0.1
BTC-30JAN26-124000-C,call,30JAN26,124000.0,0.1542,93126.49,0.00442124,411.7345626476,44.83,0.0042,0.0046,80.2
BTC-30JAN26-124000-P,put,30JAN26,124000.0,0.1542,93126.49,0.33594813,31285.6701689637,44.83,,,0.2
BTC-30JAN26-125000-C,call,30JAN26,125000.0,0.1542,93126.49,0.00405255,377.39975704950007,44.99,0.0039,0.0043,519.7
BTC-30JAN26-125000-P,put,30JAN26,125000.0,0.1542,93126.49,0.34631756,32251.338788164405,44.99,,,0.2
BTC-30JAN26-130000-C,call,30JAN26,130000.0,0.1542,93126.49,0.00277862,258.7631276438,46.24,0.0026,0.0029,1586.6
BTC-30JAN26-130000-P,put,30JAN26,130000.0,0.1542,93126.49,0.39873424,37132.7202140176,46.24,,,0.1
BTC-30JAN26-140000-C,call,30JAN26,140000.0,0.1542,93126.49,0.00144234,134.32006158660002,48.99,0.0013,0.0016,916.0
BTC-30JAN26-140000-P,put,30JAN26,140000.0,0.1542,93126.17,0.50477916,47008.1498666172,48.99,,,1.4
BTC-30JAN26-150000-C,call,30JAN26,150000.0,0.1542,93126.49,0.00093867,87.4150423683,52.63,0.0008,0.0011,170.1
BTC-30JAN26-150000-P,put,30JAN26,150000.0,0.1542,93126.49,0.61165669,56961.4406247181,52.63,,,0.1
BTC-30JAN26-160000-C,call,30JAN26,160000.0,0.1542,93126.49,0.00053714,50.0219628386,54.8,0.0005,0.0007,352.3
BTC-30JAN26-160000-P,put,30JAN26,160000.0,0.1542,93126.49,0.71863636,66924.0817931764,54.8,,,2.2
BTC-27FEB26-50000-C,call,27FEB26,50000.0,0.23092,93505.89,0.46833278,43791.8734100742,70.34,0.467,0.469,0.0
BTC-27FEB26-50000-P,put,27FEB26,50000.0,0.23092,93505.89,0.00305845,285.9830892705,70.34,0.0029,0.0032,223.4
BTC-27FEB26-60000-C,call,27FEB26,60000.0,0.23092,93505.89,0.36537898,34165.0867121922,61.88,0.364,0.3665,0.1
BTC-27FEB26-60000-P,put,27FEB26,60000.0,0.23092,93505.89,0.00704979,659.1968882631,61.88,0.0065,0.0075,49.6
BTC-27FEB26-65000-C,call,27FEB26,65000.0,0.23092,93505.89,0.3153626,29488.260585714,58.15,0.314,0.3165,0.0
BTC-27FEB26-65000-P,put,27FEB26,65000.0,0.23092,93505.89,0.01050598,982.3710102222,58.15,0.01,0.011,65.1
BTC-27FEB26-70000-C,call,27FEB26,70000.0,0.23092,93505.89,0.26723163,24987.7313993007,55.12,0.2655,0.268,0.0
BTC-27FEB26-70000-P,put,27FEB26,70000.0,0.23092,93505.89,0.01584758,1481.8420722462,55.12,0.0155,0.0165,349.3
BTC-27FEB26-75000-C,call,27FEB26,75000.0,0.23092,93505.89,0.22145032,20706.9092623848,52.39,0.2195,0.2225,52.7
BTC-27FEB26-75000-P,put,27FEB26,75000.0,0.23092,93505.89,0.02353883,2201.0192487087,52.39,0.023,0.024,380.9
BTC-27FEB26-80000-C,call,27FEB26,80000.0,0.23092,93505.89,0.17857993,16698.2752907877,49.79,0.177,0.1795,2.7
BTC-27FEB26-80000-P,put,27FEB26,80000.0,0.23092,93505.89,0.03414101,3192.3855255488997,49.79,0.034,0.0345,97.7
BTC-27FEB26-82000-C,call,27FEB26,82000.0,0.23092,93505.89,0.16263948,15207.7493265372,48.94,0.161,0.1635,0.4
BTC-27FEB26-82000-P,put,27FEB26,82000.0,0.23092,93505.89,0.03958959,3701.8598476851002,48.94,0.039,0.04,76.2
BTC-27FEB26-84000-C,call,27FEB26,84000.0,0.23092,93505.89,0.14757688,13799.3075078232,48.25,0.146,0.1485,7.6
BTC-27FEB26-84000-P,put,27FEB26,84000.0,0.23092,93505.89,0.04591601,4293.4173802989,48.25,0.0455,0.0465,21.9
BTC-27FEB26-85000-C,call,27FEB26,85000.0,0.23092,93505.89,0.14009076,13099.311194576401,47.77,0.139,0.141,14.7
BTC-27FEB26-85000-P,put,27FEB26,85000.0,0.23092,93505.89,0.04912441,4593.4216777749,47.77,0.0485,0.0495,184.1
BTC-27FEB26-86000-C,call,27FEB26,86000.0,0.23092,93505.89,0.13304749,12440.723964716099,47.46,0.132,0.134,9.7
BTC-27FEB26-86000-P,put,27FEB26,86000.0,0.23092,93505.89,0.05277565,4934.8341235785,47.46,0.0525,0.053,38.8
BTC-27FEB26-88000-C,call,27FEB26,88000.0,0.23092,93505.89,0.11945791,11170.0181920899,46.8,0.1185,0.12,175.7
BTC-27FEB26-88000-P,put,27FEB26,88000.0,0.23092,93505.89,0.0605751,5664.128637339,46.8,0.06,0.061,124.2
BTC-27FEB26-90000-C,call,27FEB26,90000.0,0.23092,93505.89,0.10682041,9988.337507214901,46.24,0.106,0.1075,418.5
BTC-27FEB26-90000-P,put,27FEB26,90000.0,0.23092,93505.89,0.06932662,6482.447303791801,46.24,0.069,0.07,393.2
BTC-27FEB26-92000-C,call,27FEB26,92000.0,0.23092,93505.89,0.09495234,8878.6030592826,45.66,0.0945,0.0955,294.7
BTC-27FEB26-92000-P,put,27FEB26,92000.0,0.23092,93505.89,0.07884758,7372.7131422462,45.66,0.0785,0.0795,136.8
BTC-27FEB26-94000-C,call,27FEB26,94000.0,0.23092,93505.89,0.08415563,7869.047081660699,45.23,0.0835,0.0845,243.5
BTC-27FEB26-94000-P,put,27FEB26,94000.0,0.23092,93505.89,0.0894399,8363.157451011,45.23,0.089,0.09,70.0
BTC-27FEB26-95000-C,call,27FEB26,95000.0,0.23092,93505.89,0.07901724,7388.5773515436,44.99,0.0785,0.0795,120.6
BTC-27FEB26-95000-P,put,27FEB26,95000.0,0.23092,93505.89,0.09499602,8882.6873965578,44.99,0.0945,0.0955,0.9
BTC-27FEB26-96000-C,call,27FEB26,96000.0,0.23092,93505.89,0.07423997,6941.8744684233,44.84,0.074,0.0745,138.9
BTC-27FEB26-96000-P,put,27FEB26,96000.0,0.23092,93505.67,0.10091326,9435.9619881842,44.84,0.1005,0.1015,10.7
BTC-27FEB26-98000-C,call,27FEB26,98000.0,0.23092,93505.89,0.06518462,6095.1459074118,44.47,0.065,0.0655,85.2
BTC-27FEB26-98000-P,put,27FEB26,98000.0,0.23092,93505.89,0.11324694,10589.2559144766,44.47,0.1125,0.1145,7.6
BTC-27FEB26-100000-C,call,27FEB26,100000.0,0.23092,93505.89,0.05704013,5333.5881213657,44.17,0.0565,0.0575,748.7
BTC-27FEB26-100000-P,put,27FEB26,100000.0,0.23092,93505.89,0.12649147,11827.697479758299,44.17,0.1255,0.1275,0.1
BTC-27FEB26-102000-C,call,27FEB26,102000.0,0.23092,93505.89,0.0502048,4694.444506272,44.16,0.0495,0.0505,226.7
BTC-27FEB26-102000-P,put,27FEB26,102000.0,0.23092,93505.89,0.14104517,13188.5541510513,44.16,0.1395,0.144,2.2
BTC-27FEB26-104000-C,call,27FEB26,104000.0,0.23092,93505.89,0.04394308,4108.9368047412,44.1,0.043,0.044,5.4
BTC-27FEB26-104000-P,put,27FEB26,104000.0,0.23092,93505.89,0.15617248,14603.0467359072,44.1,0.1545,0.158,0.1
BTC-27FEB26-105000-C,call,27FEB26,105000.0,0.23092,93505.89,0.04095634,3829.6590228426,44.0,0.04,0.041,340.7
BTC-27FEB26-105000-P,put,27FEB26,105000.0,0.23092,93505.89,0.16388026,15323.7695647314,44.0,0.1625,0.1665,0.1
BTC-27FEB26-110000-C,call,27FEB26,110000.0,0.23092,93505.89,0.02871667,2685.1777861863,43.79,0.028,0.0285,679.6
BTC-27FEB26-110000-P,put,27FEB26,110000.0,0.23092,93505.89,0.20511315,19179.2876414535,43.79,0.2025,0.2095,25.0
BTC-27FEB26-120000-C,call,27FEB26,120000.0,0.23092,93505.67,0.01408997,1317.4920851299,44.13,0.0135,0.014,274.6
BTC-27FEB26-120000-P,put,27FEB26,120000.0,0.23092,93505.89,0.29743158,27811.6046020062,44.13,,,0.0
BTC-27FEB26-130000-C,call,27FEB26,130000.0,0.23092,93505.89,0.00674775,630.9543692475,44.57,0.0065,0.007,382.4
BTC-27FEB26-130000-P,put,27FEB26,130000.0,0.23092,93505.89,0.3970345,37125.064283205,44.57,,,0.0
BTC-27MAR26-20000-C,call,27MAR26,20000.0,0.30763,93886.07,0.78722086,73909.0727674202,102.28,0.786,0.788,17.9
BTC-27MAR26-20000-P,put,27MAR26,20000.0,0.30763,93886.07,0.00024635,23.128833344500002,102.28,0.0002,0.0003,1877.6
BTC-27MAR26-30000-C,call,27MAR26,30000.0,0.30763,93885.74,0.68121292,63956.1790917608,86.24,0.68,0.682,38.1
BTC-27MAR26-30000-P,put,27MAR26,30000.0,0.30763,93885.74,0.00075115,70.52227360100001,86.24,0.0007,0.0008,1307.5
BTC-27MAR26-40000-C,call,27MAR26,40000.0,0.30763,93885.74,0.57594121,54072.666697345405,75.1,0.5745,0.5765,8.7
BTC-27MAR26-40000-P,put,27MAR26,40000.0,0.30763,93886.07,0.00199218,187.0379509326,75.1,0.0018,0.0021,302.7
BTC-27MAR26-50000-C,call,27MAR26,50000.0,0.30763,93886.07,0.47209228,44322.8888465396,66.21,0.4715,0.473,41.4
BTC-27MAR26-50000-P,put,27MAR26,50000.0,0.30763,93886.07,0.00465599,437.1326030593,66.21,0.0044,0.0049,1587.3
BTC-27MAR26-60000-C,call,27MAR26,60000.0,0.30763,93886.07,0.37142406,34871.545296844204,59.45,0.37,0.372,28.0
BTC-27MAR26-60000-P,put,27MAR26,60000.0,0.30763,93886.07,0.01050051,985.8516168957,59.45,0.01,0.011,1379.7
BTC-27MAR26-65000-C,call,27MAR26,65000.0,0.30763,93886.07,0.32271432,30298.379237522404,56.2,0.322,0.324,3.2
BTC-27MAR26-65000-P,put,27MAR26,65000.0,0.30763,93885.74,0.01504715,1412.712812641,56.2,0.0145,0.0155,1117.9
BTC-27MAR26-70000-C,call,27MAR26,70000.0,0.30763,93886.07,0.27625013,25936.0390426891,53.68,0.2755,0.277,75.0
BTC-27MAR26-70000-P,put,27MAR26,70000.0,0.30763,93886.07,0.02183933,2050.4088651331003,53.68,0.0215,0.0225,1030.6
BTC-27MAR26-75000-C,call,27MAR26,75000.0,0.30763,93886.07,0.23217137,21797.6574958159,51.34,0.231,0.233,9.7
BTC-27MAR26-75000-P,put,27MAR26,75000.0,0.30763,93885.74,0.03101694,2912.0483644356,51.34,0.0305,0.0315,1932.5
BTC-27MAR26-80000-C,call,27MAR26,80000.0,0.30763,93886.07,0.19128711,17959.1949995577,49.3,0.19,0.192,116.2
BTC-27MAR26-80000-P,put,27MAR26,80000.0,0.30763,93885.74,0.04338905,4073.613067147,49.3,0.043,0.044,2542.5
BTC-27MAR26-85000-C,call,27MAR26,85000.0,0.30763,93885.74,0.15452647,14507.831985537801,47.7,0.1535,0.1555,743.6
BTC-27MAR26-85000-P,put,27MAR26,85000.0,0.30763,93886.07,0.05988478,5622.3466470146,47.7,0.0595,0.06,2548.2
BTC-27MAR26-90000-C,call,27MAR26,90000.0,0.30763,93886.07,0.12246697,11497.9425181079,46.48,0.1215,0.123,853.2
BTC-27MAR26-90000-P,put,27MAR26,90000.0,0.30763,93886.07,0.08108166,7612.438406476201,46.48,0.0805,0.082,1106.4
BTC-27MAR26-95000-C,call,27MAR26,95000.0,0.30763,93886.07,0.09527034,8944.5578101638,45.54,0.0945,0.096,1282.9
BTC-27MAR26-95000-P,put,27MAR26,95000.0,0.30763,93885.74,0.1071414,10059.049623636,45.54,0.1065,0.108,1201.3
BTC-27MAR26-100000-C,call,27MAR26,100000.0,0.30763,93885.74,0.07271852,6827.2320619048,44.77,0.072,0.0735,2052.3
BTC-27MAR26-100000-P,put,27MAR26,100000.0,0.30763,93885.74,0.13784595,12941.769021753,44.77,0.137,0.1395,1371.9
BTC-27MAR26-105000-C,call,27MAR26,105000.0,0.30763,93886.07,0.0554913,5209.860076191,44.6,0.0545,0.0555,1954.9
BTC-27MAR26-105000-P,put,27MAR26,105000.0,0.30763,93886.07,0.1738751,16324.449809857002,44.6,0.1725,0.1755,482.1
BTC-27MAR26-110000-C,call,27MAR26,110000.0,0.30763,93886.07,0.04148137,3894.5228075159,44.28,0.0405,0.0415,739.2
BTC-27MAR26-110000-P,put,27MAR26,110000.0,0.30763,93886.07,0.21312154,20009.1438229478,44.28,0.2105,0.2155,914.7
BTC-27MAR26-115000-C,call,27MAR26,115000.0,0.30763,93886.07,0.03147513,2955.0762584391,44.52,0.03,0.0315,1280.2
BTC-27MAR26-115000-P,put,27MAR26,115000.0,0.30763,93886.07,0.25637167,24069.728555636902,44.52,0.252,0.26,524.9
BTC-27MAR26-120000-C,call,27MAR26,120000.0,0.30763,93886.07,0.02348754,2205.1528245678,44.57,0.0225,0.0235,1351.5
BTC-27MAR26-120000-P,put,27MAR26,120000.0,0.30763,93886.07,0.30164046,28319.837342392202,44.57,0.2975,0.305,193.7
BTC-27MAR26-125000-C,call,27MAR26,125000.0,0.30763,93885.74,0.01760455,1652.816204117,44.77,0.017,0.0175,983.6
BTC-27MAR26-125000-P,put,27MAR26,125000.0,0.30763,93886.07,0.34901384,32767.537813208804,44.77,0.345,0.353,91.3
BTC-27MAR26-130000-C,call,27MAR26,130000.0,0.30763,93886.07,0.01298808,1219.3997880456002,44.82,0.0125,0.0135,1733.0
BTC-27MAR26-130000-P,put,27MAR26,130000.0,0.30763,93885.74,0.39765374,37334.0156436676,44.82,0.3945,0.4025,424.1
BTC-27MAR26-135000-C,call,27MAR26,135000.0,0.30763,93886.07,0.00998777,937.7124733639,45.36,0.0095,0.0105,2577.4
BTC-27MAR26-135000-P,put,27MAR26,135000.0,0.30763,93885.74,0.4479098,42052.343026252005,45.36,0.4445,0.453,42.8
BTC-27MAR26-140000-C,call,27MAR26,140000.0,0.30763,93886.07,0.00798683,749.8520804581001,46.24,0.0075,0.0085,922.7
BTC-27MAR26-140000-P,put,27MAR26,140000.0,0.30763,93886.07,0.49916524,46864.66266420681,46.24,,,2.8
BTC-27MAR26-145000-C,call,27MAR26,145000.0,0.30763,93886.07,0.00624318,586.1476345026,46.81,0.006,0.0065,281.6
BTC-27MAR26-145000-P,put,27MAR26,145000.0,0.30763,93885.74,0.55067796,51700.80777629041,46.81,,,0.8
BTC-27MAR26-150000-C,call,27MAR26,150000.0,0.30763,93886.07,0.00514498,483.0419524286001,47.78,0.005,0.0055,1636.9
BTC-27MAR26-150000-P,put,27MAR26,150000.0,0.30763,93886.07,0.60283612,56597.9141608484,47.78,,,10.8
BTC-27MAR26-155000-C,call,27MAR26,155000.0,0.30763,93886.07,0.00412324,387.11479926680005,48.41,0.0039,0.0043,470.9
BTC-27MAR26-155000-P,put,27MAR26,155000.0,0.30763,93886.07,0.65507076,61502.019228313206,48.41,,,1.2
BTC-27MAR26-160000-C,call,27MAR26,160000.0,0.30763,93886.07,0.00339406,318.65495474420004,49.19,0.0032,0.0036,1245.7
BTC-27MAR26-160000-P,put,27MAR26,160000.0,0.30763,93885.74,0.70759795,66433.357158233,49.19,,,0.9
BTC-27MAR26-170000-C,call,27MAR26,170000.0,0.30763,93886.07,0.00240348,225.65329152360002,50.86,0.0024,0.0026,655.4
BTC-27MAR26-170000-P,put,27MAR26,170000.0,0.30763,93886.07,0.81312011,76340.6515658677,50.86,,,2.0
BTC-27MAR26-180000-C,call,27MAR26,180000.0,0.30763,93885.74,0.00179128,168.1756483472,52.6,0.0016,0.002,2415.3
BTC-27MAR26-180000-P,put,27MAR26,180000.0,0.30763,93886.07,0.91902065,86283.2370773455,52.6,,,0.3
BTC-27MAR26-190000-C,call,27MAR26,190000.0,0.30763,93885.74,0.00138914,130.4204368636,54.35,0.0012,0.0016,884.6
BTC-27MAR26-190000-P,put,27MAR26,190000.0,0.30763,93886.07,1.02513126,96245.54523554821,54.35,,,0.1
BTC-27MAR26-200000-C,call,27MAR26,200000.0,0.30763,93885.74,0.00105271,98.83445735540002,55.71,0.0011,0.0012,803.4
BTC-27MAR26-200000-P,put,27MAR26,200000.0,0.30763,93886.07,1.13130756,106214.0207696892,55.71,,,1.1
BTC-27MAR26-210000-C,call,27MAR26,210000.0,0.30763,93885.74,0.00083982,78.8471221668,57.22,0.0007,0.001,334.1
BTC-27MAR26-210000-P,put,27MAR26,210000.0,0.30763,93885.74,1.23760742,116193.68845619081,57.22,,,0.0
BTC-27MAR26-220000-C,call,27MAR26,220000.0,0.30763,93886.07,0.00069428,65.18322067960001,58.77,0.0006,0.0008,208.3
BTC-27MAR26-220000-P,put,27MAR26,220000.0,0.30763,93886.07,1.34397462,126180.49525154341,58.77,,,0.0
BTC-27MAR26-230000-C,call,27MAR26,230000.0,0.30763,93886.07,0.00053415,50.1492442905,59.72,0.0004,0.0007,186.5
BTC-27MAR26-230000-P,put,27MAR26,230000.0,0.30763,93885.74,1.45032724,136165.0461695576,59.72,,,0.0
BTC-27MAR26-240000-C,call,27MAR26,240000.0,0.30763,93886.07,0.00043035,40.403870224500004,60.82,0.0003,0.0006,152.1
BTC-27MAR26-240000-P,put,27MAR26,240000.0,0.30763,93886.07,1.55673618,146155.84196701262,60.82,,,0.0
BTC-27MAR26-260000-C,call,27MAR26,260000.0,0.30763,93886.07,0.00035256,33.1004728392,64.04,0.0003,0.0004,326.1
BTC-27MAR26-260000-P,put,27MAR26,260000.0,0.30763,93886.07,1.76968388,166148.66463555163,64.04,,,0.1
BTC-27MAR26-280000-C,call,27MAR26,280000.0,0.30763,93886.07,0.00028626,26.8758263982,66.77,0.0002,0.0004,264.0
BTC-27MAR26-280000-P,put,27MAR26,280000.0,0.30763,93886.07,1.98264306,186142.56511617423,66.77,,,0.0
BTC-27MAR26-300000-C,call,27MAR26,300000.0,0.30763,93885.74,0.00021062,19.7742145588,68.57,0.0001,0.0004,380.6
BTC-27MAR26-300000-P,put,27MAR26,300000.0,0.30763,93886.07,2.19559291,206135.5896397637,68.57,2.185,2.2065,136.1
BTC-27MAR26-320000-C,call,27MAR26,320000.0,0.30763,93886.07,0.00017873,16.7802572911,70.91,0.0001,0.0003,493.3
BTC-27MAR26-320000-P,put,27MAR26,320000.0,0.30763,93885.74,2.4085865,226131.92590651003,70.91,2.397,2.4215,340.0
BTC-27MAR26-340000-C,call,27MAR26,340000.0,0.30763,93886.07,0.00017827,16.7370696989,73.94,,0.0003,474.9
BTC-27MAR26-340000-P,put,27MAR26,340000.0,0.30763,93886.07,2.62161153,246132.80361838712,73.94,2.61,2.6335,320.1
BTC-26JUN26-20000-C,call,26JUN26,20000.0,0.55694,95128.61,0.79057445,75206.2485300145,87.63,0.7895,0.791,8.4
BTC-26JUN26-20000-P,put,26JUN26,20000.0,0.55694,95128.61,0.0008172,77.739100092,87.63,0.0007,0.0009,1987.8
BTC-26JUN26-30000-C,call,26JUN26,30000.0,0.55694,95128.61,0.68710524,65363.36640491639,76.41,0.6855,0.688,0.5
BTC-26JUN26-30000-P,put,26JUN26,30000.0,0.55694,95128.61,0.00246937,234.9077356757,76.41,0.0021,0.0028,755.3
BTC-26JUN26-40000-C,call,26JUN26,40000.0,0.55694,95128.61,0.58548276,55696.1611377636,68.45,0.5845,0.5865,11.8
BTC-26JUN26-40000-P,put,26JUN26,40000.0,0.55694,95128.61,0.00596827,567.7532292047,68.45,0.0055,0.0065,732.3
BTC-26JUN26-50000-C,call,26JUN26,50000.0,0.55694,95128.61,0.48682646,46311.1244510206,62.12,0.4855,0.488,22.7
BTC-26JUN26-50000-P,put,26JUN26,50000.0,0.55694,95128.61,0.01243334,1182.7663518574,62.12,0.012,0.013,556.6
BTC-26JUN26-60000-C,call,26JUN26,60000.0,0.55694,95128.61,0.39282093,37368.509049807304,56.96,0.3915,0.394,9.9
BTC-26JUN26-60000-P,put,26JUN26,60000.0,0.55694,95128.61,0.02354919,2240.2017113259003,56.96,0.023,0.024,1654.2
BTC-26JUN26-70000-C,call,26JUN26,70000.0,0.55694,95128.28,0.30645046,29152.105165008797,53.11,0.305,0.3075,21.5
BTC-26JUN26-70000-P,put,26JUN26,70000.0,0.55694,95128.61,0.0423001,4023.949715861,53.11,0.042,0.043,840.3
BTC-26JUN26-75000-C,call,26JUN26,75000.0,0.55694,95128.61,0.26708599,25407.5189791739,51.6,0.2655,0.2685,0.1
BTC-26JUN26-75000-P,put,26JUN26,75000.0,0.55694,95128.61,0.05549631,5279.2868304291,51.6,0.055,0.056,2342.4
BTC-26JUN26-80000-C,call,26JUN26,80000.0,0.55694,95128.61,0.23119075,21992.8546923575,50.51,0.229,0.232,21.2
BTC-26JUN26-80000-P,put,26JUN26,80000.0,0.55694,95128.61,0.07216176,6864.6479239536,50.51,0.072,0.0725,2041.9
BTC-26JUN26-85000-C,call,26JUN26,85000.0,0.55694,95128.61,0.1980997,18844.949102417,49.43,0.1965,0.199,504.3
BTC-26JUN26-85000-P,put,26JUN26,85000.0,0.55694,95128.61,0.0916314,8716.767714354,49.43,0.0915,0.092,1262.6
BTC-26JUN26-90000-C,call,26JUN26,90000.0,0.55694,95128.61,0.16858301,16037.067410916101,48.6,0.167,0.1695,237.1
BTC-26JUN26-90000-P,put,26JUN26,90000.0,0.55694,95128.61,0.1146754,10908.911403193999,48.6,0.1145,0.115,1567.0
BTC-26JUN26-95000-C,call,26JUN26,95000.0,0.55694,95128.61,0.14188471,13497.2952425531,47.71,0.141,0.143,194.8
BTC-26JUN26-95000-P,put,26JUN26,95000.0,0.55694,95128.61,0.14053779,13369.1646151719,47.71,0.1395,0.1415,487.7
BTC-26JUN26-100000-C,call,26JUN26,100000.0,0.55694,95128.61,0.11899319,11319.6567641659,47.13,0.118,0.12,364.1
BTC-26JUN26-100000-P,put,26JUN26,100000.0,0.55694,95128.61,0.17020696,16191.5515171256,47.13,0.1695,0.1715,422.1
BTC-26JUN26-105000-C,call,26JUN26,105000.0,0.55694,95128.28,0.09947278,9462.6744682184,46.74,0.0985,0.1005,274.0
BTC-26JUN26-105000-P,put,26JUN26,105000.0,0.55694,95128.61,0.20324724,19334.6274275364,46.74,0.2025,0.2045,295.1
BTC-26JUN26-110000-C,call,26JUN26,110000.0,0.55694,95128.61,0.08299237,7894.9487987057,46.49,0.082,0.084,182.6
BTC-26JUN26-110000-P,put,26JUN26,110000.0,0.55694,95128.61,0.23932751,22766.8933610611,46.49,0.238,0.243,734.8
BTC-26JUN26-115000-C,call,26JUN26,115000.0,0.55694,95128.61,0.0695452,6615.738208172,46.49,0.0685,0.07,881.9
BTC-26JUN26-115000-P,put,26JUN26,115000.0,0.55694,95128.61,0.27844103,26487.708150868297,46.49,0.2745,0.283,111.5
BTC-26JUN26-120000-C,call,26JUN26,120000.0,0.55694,95128.61,0.05812669,5529.5112236009,46.49,0.057,0.0585,937.2
BTC-26JUN26-120000-P,put,26JUN26,120000.0,0.55694,95128.61,0.31958321,30401.506546638102,46.49,0.3155,0.324,193.4
BTC-26JUN26-125000-C,call,26JUN26,125000.0,0.55694,95128.61,0.04847517,4611.3755416137,46.49,0.0475,0.049,486.4
BTC-26JUN26-125000-P,put,26JUN26,125000.0,0.55694,95128.61,0.36249238,34483.3962449918,46.49,,,73.2
BTC-26JUN26-130000-C,call,26JUN26,130000.0,0.55694,95128.61,0.04034993,3838.4327544973,46.49,0.0395,0.041,1347.2
BTC-26JUN26-130000-P,put,26JUN26,130000.0,0.55694,95128.61,0.40692782,38710.4778869302,46.49,,,22.7
BTC-26JUN26-135000-C,call,26JUN26,135000.0,0.55694,95128.61,0.03373067,3208.7517514686997,46.59,0.033,0.0345,485.4
BTC-26JUN26-135000-P,put,26JUN26,135000.0,0.55694,95128.61,0.45286926,43080.8232155286,46.59,,,12.5
BTC-26JUN26-140000-C,call,26JUN26,140000.0,0.55694,95128.61,0.02834688,2696.5992922368,46.76,0.0275,0.029,462.0
BTC-26JUN26-140000-P,put,26JUN26,140000.0,0.55694,95128.28,0.50004615,47568.530170121994,46.76,,,17.1
BTC-26JUN26-145000-C,call,26JUN26,145000.0,0.55694,95128.61,0.02400992,2284.0303158112,47.03,0.0235,0.0245,130.7
BTC-26JUN26-145000-P,put,26JUN26,145000.0,0.55694,95128.61,0.54826988,52156.151589266796,47.03,,,5.1
BTC-26JUN26-150000-C,call,26JUN26,150000.0,0.55694,95128.61,0.02042664,1943.1578701704,47.32,0.0195,0.021,881.9
BTC-26JUN26-150000-P,put,26JUN26,150000.0,0.55694,95128.61,0.59724729,56815.3045239669,47.32,,,1.4
BTC-26JUN26-155000-C,call,26JUN26,155000.0,0.55694,95128.61,0.01761162,1675.3689304482002,47.75,0.017,0.018,93.0
BTC-26JUN26-155000-P,put,26JUN26,155000.0,0.55694,95128.61,0.64699296,61547.5409645856,47.75,,,1.1
BTC-26JUN26-160000-C,call,26JUN26,160000.0,0.55694,95128.28,0.01519088,1445.0822860864,48.13,0.0145,0.0155,602.1
BTC-26JUN26-160000-P,put,26JUN26,160000.0,0.55694,95128.61,0.69713291,66317.2847135551,48.13,,,1.0
BTC-26JUN26-165000-C,call,26JUN26,165000.0,0.55694,95128.61,0.01317311,1253.1396436771,48.53,0.0125,0.0135,107.5
BTC-26JUN26-165000-P,put,26JUN26,165000.0,0.55694,95128.61,0.74767583,71125.3624384963,48.53,,,0.5
BTC-26JUN26-170000-C,call,26JUN26,170000.0,0.55694,95128.28,0.01127813,1072.8691085164,48.75,0.0105,0.012,465.1
BTC-26JUN26-170000-P,put,26JUN26,170000.0,0.55694,95128.61,0.79834154,75945.1210054594,48.75,,,0.8
BTC-26JUN26-180000-C,call,26JUN26,180000.0,0.55694,95128.61,0.00873898,831.3270202178,49.65,0.008,0.009,1277.3
BTC-26JUN26-180000-P,put,26JUN26,180000.0,0.55694,95128.61,0.90092376,85703.6250047736,49.65,,,1.4
BTC-26JUN26-190000-C,call,26JUN26,190000.0,0.55694,95128.61,0.0067518,642.2893489979999,50.37,0.006,0.0075,500.0
BTC-26JUN26-190000-P,put,26JUN26,190000.0,0.55694,95128.61,1.00405796,95514.63809423559,50.37,,,0.4
BTC-26JUN26-200000-C,call,26JUN26,200000.0,0.55694,95128.61,0.00550761,523.9312837220999,51.41,0.005,0.006,972.3
BTC-26JUN26-200000-P,put,26JUN26,200000.0,0.55694,95128.61,1.10793515,105396.3307896415,51.41,,,0.6
BTC-26JUN26-210000-C,call,26JUN26,210000.0,0.55694,95128.61,0.00454661,432.51268951210005,52.41,0.0041,0.005,165.0
BTC-26JUN26-210000-P,put,26JUN26,210000.0,0.55694,95128.61,1.21209552,115304.9620048272,52.41,,,0.0
BTC-26JUN26-220000-C,call,26JUN26,220000.0,0.55694,95128.61,0.00373737,355.5308131557,53.23,0.0033,0.0042,641.8
BTC-26JUN26-220000-P,put,26JUN26,220000.0,0.55694,95128.61,1.31640766,125228.03088915261,53.23,,,0.2
BTC-26JUN26-230000-C,call,26JUN26,230000.0,0.55694,95128.61,0.00312096,296.8925866656,54.07,0.0027,0.0036,738.8
BTC-26JUN26-230000-P,put,26JUN26,230000.0,0.55694,95128.61,1.42091263,135169.4434233443,54.07,,,0.1
BTC-26JUN26-240000-C,call,26JUN26,240000.0,0.55694,95128.61,0.00267587,254.5517936407,54.99,0.0023,0.0031,515.6
BTC-26JUN26-240000-P,put,26JUN26,240000.0,0.55694,95128.61,1.52558891,145127.1524397151,54.99,,,0.1
BTC-26JUN26-250000-C,call,26JUN26,250000.0,0.55694,95128.61,0.00239683,228.0071063063,56.14,0.0021,0.0027,196.5
BTC-26JUN26-250000-P,put,26JUN26,250000.0,0.55694,95128.61,1.63043125,155100.6585130625,56.14,,,0.0
BTC-26JUN26-260000-C,call,26JUN26,260000.0,0.55694,95128.61,0.0021121,200.921137181,57.06,0.002,0.0024,195.2
BTC-26JUN26-260000-P,put,26JUN26,260000.0,0.55694,95128.61,1.7352679,165073.623304619,57.06,,,0.0
BTC-26JUN26-280000-C,call,26JUN26,280000.0,0.55694,95128.61,0.00173586,165.1299489546,59.06,0.0015,0.002,154.6
BTC-26JUN26-280000-P,put,26JUN26,280000.0,0.55694,95128.61,1.94513441,185037.9326864701,59.06,,,0.0
BTC-26JUN26-300000-C,call,26JUN26,300000.0,0.55694,95128.61,0.00134302,127.7596258022,60.36,0.0013,0.0015,455.0
BTC-26JUN26-300000-P,put,26JUN26,300000.0,0.55694,95128.61,2.15498432,205000.66293339522,60.36,,,0.0
BTC-26JUN26-320000-C,call,26JUN26,320000.0,0.55694,95128.61,0.00110202,104.8336307922,61.82,0.0009,0.0012,143.3
BTC-26JUN26-320000-P,put,26JUN26,320000.0,0.55694,95128.61,2.36498607,224977.83750846272,61.82,,,0.0
BTC-26JUN26-340000-C,call,26JUN26,340000.0,0.55694,95128.61,0.00098012,93.23745323319999,63.6,0.0008,0.0012,218.0
BTC-26JUN26-340000-P,put,26JUN26,340000.0,0.55694,95128.61,2.57510693,244966.3428522673,63.6,,,0.0
BTC-26JUN26-360000-C,call,26JUN26,360000.0,0.55694,95128.28,0.00088669,84.3492945932,65.31,0.0006,0.0011,172.2
BTC-26JUN26-360000-P,put,26JUN26,360000.0,0.55694,95128.61,2.78525625,264957.5555563125,65.31,,,0.0
BTC-26JUN26-380000-C,call,26JUN26,380000.0,0.55694,95128.61,0.00076636,72.9027615596,66.56,0.0007,0.001,250.0
BTC-26JUN26-380000-P,put,26JUN26,380000.0,0.55694,95128.61,2.99537868,284946.21025203477,66.56,,,0.0
BTC-25SEP26-40000-C,call,25SEP26,40000.0,0.80626,96450.59,0.59614236,57498.2823459924,65.52,0.5945,0.5975,0.0
BTC-25SEP26-40000-P,put,25SEP26,40000.0,0.80626,96450.59,0.01086291,1047.7340786169,65.52,0.01,0.0115,483.1
BTC-25SEP26-50000-C,call,25SEP26,50000.0,0.80626,96450.59,0.50225784,48443.06500012559,60.22,0.5005,0.5035,0.1
BTC-25SEP26-50000-P,put,25SEP26,50000.0,0.80626,96450.59,0.02065852,1992.5264425267999,60.22,0.02,0.0215,704.8
BTC-25SEP26-60000-C,call,25SEP26,60000.0,0.80626,96450.59,0.41387552,39918.5380905568,55.97,0.412,0.4155,27.3
BTC-25SEP26-60000-P,put,25SEP26,60000.0,0.80626,96450.49,0.03595634,3468.0066116066005,55.97,0.035,0.0365,685.0
BTC-25SEP26-70000-C,call,25SEP26,70000.0,0.80626,96450.59,0.33333908,32150.7509360572,52.78,0.3315,0.3345,24.0
BTC-25SEP26-70000-P,put,25SEP26,70000.0,0.80626,96450.49,0.05910004,5700.2278170196005,52.78,0.058,0.06,142.4
BTC-25SEP26-75000-C,call,25SEP26,75000.0,0.80626,96450.59,0.29687523,28633.791089885697,51.6,0.295,0.298,1.6
BTC-25SEP26-75000-P,put,25SEP26,75000.0,0.80626,96450.9,0.074476,7183.277228399999,51.6,0.0735,0.0755,1791.3
BTC-25SEP26-80000-C,call,25SEP26,80000.0,0.80626,96450.59,0.26309261,25375.4374591399,50.59,0.2615,0.2645,596.2
BTC-25SEP26-80000-P,put,25SEP26,80000.0,0.80626,96450.59,0.09253371,8924.9309243889,50.59,0.0915,0.0935,1009.6
BTC-25SEP26-85000-C,call,25SEP26,85000.0,0.80626,96450.49,0.23214275,22390.281987447503,49.76,0.2305,0.2335,32.3
BTC-25SEP26-85000-P,put,25SEP26,85000.0,0.80626,96450.59,0.11342392,10939.804004112799,49.76,0.1125,0.1145,213.3
BTC-25SEP26-90000-C,call,25SEP26,90000.0,0.80626,96450.59,0.20406068,19681.772981801198,49.08,0.2025,0.2055,53.0
BTC-25SEP26-90000-P,put,25SEP26,90000.0,0.80626,96450.59,0.13718191,13231.276156826898,49.08,0.136,0.1385,292.9
BTC-25SEP26-95000-C,call,25SEP26,95000.0,0.80626,96450.59,0.17851527,17217.9031155093,48.45,0.177,0.18,71.1
BTC-25SEP26-95000-P,put,25SEP26,95000.0,0.80626,96450.59,0.16347657,15767.411627676298,48.45,0.162,0.1655,76.5
BTC-25SEP26-100000-C,call,25SEP26,100000.0,0.80626,96450.59,0.15612682,15058.5239038238,48.05,0.1545,0.1575,1072.9
BTC-25SEP26-100000-P,put,25SEP26,100000.0,0.80626,96450.49,0.19292819,18608.018460313102,48.05,0.1915,0.195,633.5
BTC-25SEP26-105000-C,call,25SEP26,105000.0,0.80626,96450.59,0.13644686,13160.3801506474,47.77,0.1355,0.138,76.8
BTC-25SEP26-105000-P,put,25SEP26,105000.0,0.80626,96450.49,0.2250883,21709.876828267,47.77,0.2225,0.2305,96.3
BTC-25SEP26-110000-C,call,25SEP26,110000.0,0.80626,96450.59,0.11913694,11490.828153794599,47.58,0.118,0.1205,114.6
BTC-25SEP26-110000-P,put,25SEP26,110000.0,0.80626,96450.59,0.25961845,25040.352677385497,47.58,0.2525,0.265,88.0
BTC-25SEP26-115000-C,call,25SEP26,115000.0,0.80626,96450.49,0.10398771,10029.6655834779,47.44,0.103,0.105,1013.6
BTC-25SEP26-115000-P,put,25SEP26,115000.0,0.80626,96450.59,0.29630929,28579.2058429811,47.44,0.289,0.3025,90.7
BTC-25SEP26-120000-C,call,25SEP26,120000.0,0.80626,96450.59,0.09106085,8782.872708401499,47.44,0.09,0.092,236.4
BTC-25SEP26-120000-P,put,25SEP26,120000.0,0.80626,96450.59,0.33522249,32332.4069417691,47.44,0.325,0.343,82.4
BTC-25SEP26-125000-C,call,25SEP26,125000.0,0.80626,96450.49,0.07967997,7685.172149685301,47.44,0.0785,0.0805,1228.6
BTC-25SEP26-125000-P,put,25SEP26,125000.0,0.80626,96450.59,0.37568168,36234.7196881912,47.44,0.3655,0.3835,15.5
BTC-25SEP26-130000-C,call,25SEP26,130000.0,0.80626,96450.59,0.06969059,6721.6985229481,47.45,0.0685,0.0705,998.9
BTC-25SEP26-130000-P,put,25SEP26,130000.0,0.80626,96450.59,0.41753236,40271.2424660924,47.45,0.4075,0.4255,21.7
BTC-25SEP26-135000-C,call,25SEP26,135000.0,0.80626,96450.59,0.06107006,5890.2433183354,47.49,0.06,0.062,169.7
BTC-25SEP26-135000-P,put,25SEP26,135000.0,0.80626,96450.49,0.46075191,44439.7474879359,47.49,,,16.6
BTC-25SEP26-140000-C,call,25SEP26,140000.0,0.80626,96450.59,0.05381755,5190.7344498545,47.64,0.053,0.0545,1202.4
BTC-25SEP26-140000-P,put,25SEP26,140000.0,0.80626,96450.59,0.50533946,48740.289067281396,47.64,,,1.0
BTC-25SEP26-145000-C,call,25SEP26,145000.0,0.80626,96450.49,0.04741133,4572.8460100517,47.77,0.0465,0.0485,213.5
BTC-25SEP26-145000-P,put,25SEP26,145000.0,0.80626,96450.49,0.55077331,53122.3556284219,47.77,,,0.0
BTC-25SEP26-150000-C,call,25SEP26,150000.0,0.80626,96450.49,0.04196288,4047.3403378112002,47.95,0.041,0.043,251.1
BTC-25SEP26-150000-P,put,25SEP26,150000.0,0.80626,96450.59,0.59716493,57596.9098258087,47.95,,,0.7
BTC-25SEP26-155000-C,call,25SEP26,155000.0,0.80626,96450.49,0.03719786,3587.7518239514,48.13,0.0365,0.038,169.4
BTC-25SEP26-155000-P,put,25SEP26,155000.0,0.80626,96450.59,0.64423998,62137.326172588204,48.13,,,0.0
BTC-25SEP26-160000-C,call,25SEP26,160000.0,0.80626,96450.59,0.03309062,3191.6098224658,48.34,0.0325,0.034,57.2
BTC-25SEP26-160000-P,put,25SEP26,160000.0,0.80626,96450.59,0.69197281,66741.1857884579,48.34,,,0.1
BTC-25SEP26-165000-C,call,25SEP26,165000.0,0.80626,96450.59,0.02956264,2851.3340699576,48.58,0.0285,0.0305,30.5
BTC-25SEP26-165000-P,put,25SEP26,165000.0,0.80626,96450.59,0.7402849,71400.915373091,48.58,,,0.0
BTC-25SEP26-170000-C,call,25SEP26,170000.0,0.80626,96450.49,0.02653836,2559.6378257964,48.86,0.0255,0.0275,139.8
BTC-25SEP26-170000-P,put,25SEP26,170000.0,0.80626,96450.59,0.78910069,76109.2271199071,48.86,,,0.0
BTC-25SEP26-175000-C,call,25SEP26,175000.0,0.80626,96450.59,0.02386161,2301.4663628498997,49.13,0.023,0.0245,31.9
BTC-25SEP26-175000-P,put,25SEP26,175000.0,0.80626,96450.59,0.83826401,80851.0583402659,49.13,,,0.0
BTC-25SEP26-180000-C,call,25SEP26,180000.0,0.80626,96450.59,0.02148961,2072.6855633698997,49.38,0.0205,0.022,547.3
BTC-25SEP26-180000-P,put,25SEP26,180000.0,0.80626,96450.59,0.88773207,85622.28191342129,49.38,,,0.0
BTC-25SEP26-190000-C,call,25SEP26,190000.0,0.80626,96450.49,0.01763594,1700.9950546106,49.95,0.017,0.0185,648.7
BTC-25SEP26-190000-P,put,25SEP26,190000.0,0.80626,96450.49,0.98755854,95250.5050866846,49.95,,,0.0
BTC-25SEP26-200000-C,call,25SEP26,200000.0,0.80626,96450.59,0.01475807,1423.4245587613,50.61,0.014,0.0155,871.6
BTC-25SEP26-200000-P,put,25SEP26,200000.0,0.80626,96450.59,1.08836081,104973.04225737789,50.61,,,0.2
BTC-25SEP26-220000-C,call,25SEP26,220000.0,0.80626,96450.49,0.01028348,991.8466849051999,51.59,0.0095,0.011,179.0
BTC-25SEP26-220000-P,put,25SEP26,220000.0,0.80626,96450.49,1.29124649,124541.35667128011,51.59,,,0.0
BTC-25SEP26-240000-C,call,25SEP26,240000.0,0.80626,96450.59,0.00773419,745.9671886721,52.93,0.007,0.0085,142.4
BTC-25SEP26-240000-P,put,25SEP26,240000.0,0.80626,96450.59,1.49605747,144295.6256554073,52.93,,,0.0
BTC-25SEP26-260000-C,call,25SEP26,260000.0,0.80626,96450.59,0.00574714,554.3150438126,53.86,0.005,0.0065,115.6
BTC-25SEP26-260000-P,put,25SEP26,260000.0,0.80626,96450.59,1.7014307,164103.99485911298,53.86,,,0.0
BTC-25SEP26-280000-C,call,25SEP26,280000.0,0.80626,96450.49,0.00467874,451.2667655826,55.27,0.0039,0.0055,123.8
BTC-25SEP26-280000-P,put,25SEP26,280000.0,0.80626,96450.59,1.90772258,184000.9683973222,55.27,,,0.0
BTC-25SEP26-300000-C,call,25SEP26,300000.0,0.80626,96450.49,0.00364526,351.5871131774,56.11,0.0031,0.0042,114.9
BTC-25SEP26-300000-P,put,25SEP26,300000.0,0.80626,96450.59,2.11404936,203901.3080611224,56.11,,,0.0
BTC-25SEP26-320000-C,call,25SEP26,320000.0,0.80626,96450.59,0.00288529,278.2879228211,56.9,0.0023,0.0035,185.6
BTC-25SEP26-320000-P,put,25SEP26,320000.0,0.80626,96450.59,2.32064967,223828.02985480527,56.9,,,0.0
