K,T,type,moneyness,market_price,market_iv,price1,error1,rel_error1,price2,error2,rel_error2
86000.0,0.00626,put,0.9297547146440691,56.86007198171429,,11.470266875280686,-45.389805106433606,-79.8272030345487,38.94459222098385,-17.91547976073044,-31.50801456335107
88000.0,0.00626,put,0.9513769173102102,138.43085490485714,,75.00053558681338,-63.43031931804376,-45.82094025326876,160.02520492256735,21.594350017710212,15.599376333081166
89000.0,0.00626,call,0.9621880186432809,3710.4479436157135,,3665.7927999787353,-44.65514363697821,-1.2034973759384746,3793.296676034748,82.8487324190346,2.2328498789906526
89000.0,0.00626,put,0.9621880186432809,213.9056550805714,,162.7072886456208,-51.1983664349506,-23.935022389036803,290.21116470165,76.30550962107858,35.67250692476398
90000.0,0.00626,call,0.9729991199763515,2838.5792305059995,,2822.7875220558926,-15.791708450106853,-0.556324385114727,2995.15080424957,156.5715737435703,5.515842998529238
90000.0,0.00626,put,0.9729991199763515,342.0364910734285,,319.63941268212875,-22.39707839129977,-6.548154648941115,492.0026948758168,149.9662038023883,43.84508896455539
91000.0,0.00626,call,0.983810221309422,2053.6211940302856,,2076.511261145126,22.89006711484035,1.114619735196538,2287.045003647894,233.42380961760864,11.366449192097997
91000.0,0.00626,put,0.983810221309422,557.0789286657142,,573.3005537306926,16.22162506497841,2.9119078518786528,783.8342962334609,226.7553675677467,40.70435191488199
92000.0,0.00626,call,0.9946213226424926,1380.3934315334284,,1450.0988390164857,69.70540748305734,5.049676845073376,1683.0536518938898,302.6602203604614,21.925649126296353
92000.0,0.00626,put,0.9946213226424926,883.8507152714285,,946.8255335613867,62.97481828995819,7.125051459693482,1179.780346438798,295.9296311673695,33.481856840098864
93000.0,0.00626,call,1.0054324239755632,846.5644338802856,,955.8952148388198,109.3307809585342,12.914643774651521,1190.0520345133045,343.4876006330189,40.57430089031973
93000.0,0.00626,put,1.0054324239755632,1350.021266720857,,1452.559311343066,102.53804462220887,7.595291063174829,1686.7161310175507,336.6948642966936,24.93996743581016
94000.0,0.00626,call,1.0162435253086337,479.7582935951429,,591.9523606421026,112.19406704695967,23.385539873884433,806.4006312527672,326.6423376576243,68.08477143977638
94000.0,0.00626,put,1.0162435253086337,1983.215600503714,,2088.55385910569,105.33825860197612,5.311487998340746,2303.002129716355,319.78652921264074,16.12464772521044
95000.0,0.00626,call,1.0270546266417042,253.6347701685714,,343.0447392688002,89.40996910022878,35.25146376453232,522.5536440131254,268.918873844554,106.02602855508512
95000.0,0.00626,put,1.0270546266417042,2757.092551145143,,2839.583639691715,82.49108854657197,2.9919593563266407,3019.0925444360473,261.9999932909045,9.502763814804995
96000.0,0.00626,call,1.037865727974775,124.49202199685712,,185.49377258618551,61.001750589328395,49.00053000253175,323.28578535309316,198.79376335623604,159.6839381091061
97000.0,0.00626,call,1.0486768293078454,62.26959761685714,,93.39400334848506,31.124405731627917,49.98330954880325,190.71603761243205,128.4464399955749,206.27472299709044
86000.0,0.009,put,0.9297547146440691,126.7629752454857,,39.22519177126787,-87.53778347421783,-69.05627081148464,101.13336941212401,-25.629605833361694,-20.218526571917472
88000.0,0.009,call,0.9513769173102102,4761.7377260208,,4666.235478369374,-95.50224765142684,-2.005617552801136,4802.776159346933,41.03843332613269,0.8618373309784728
88000.0,0.009,put,0.9513769173102102,255.4445496456,,160.80154904439587,-94.64300060120414,-37.05031120550837,297.3422300219481,41.89768037634812,16.401868990540745
89000.0,0.009,call,0.9621880186432809,3875.8991209008,,3796.8431199858896,-79.05600091491033,-2.0396815925523075,3978.1210124801437,102.22189157934372,2.637372346150905
89000.0,0.009,put,0.9621880186432809,369.60450221520006,,291.319194710788,-78.28530750441206,-21.180831682302102,472.5970872050275,102.99258498982744,27.865619702289397
90000.0,0.009,call,0.9729991199763515,3048.3995003588007,,2999.044234409739,-49.355265949061504,-1.6190550465335112,3222.901272879695,174.50177252089452,5.72437347861904
90000.0,0.009,put,0.9729991199763515,542.1025143016001,,493.43031318451176,-48.67220111708832,-8.978412723245444,717.2873516544641,175.18483735286406,32.31581347276312
91000.0,0.009,call,0.983810221309422,2302.0416229748,,2291.1932955352167,-10.848327439583045,-0.4712481013077582,2548.788158472329,246.7465354975293,10.718595747138252
91000.0,0.009,put,0.983810221309422,795.7605461910857,,785.4893783598818,-10.271167831203911,-1.2907359984566888,1043.0842412969869,247.32369510590115,31.08016554599471
92000.0,0.009,call,0.9946213226424926,1648.2092918760002,,1687.2862779592178,39.07698608321766,2.370875244777927,1964.030736239336,315.8214443633358,19.161489133692857
92000.0,0.009,put,0.9946213226424926,1141.9084961368,,1181.49236483375,39.58386869694982,3.4664659060569503,1458.2368231138607,316.32832697706067,27.70172286546896
93000.0,0.009,call,1.0054324239755632,1128.2185154380002,,1194.1488785294787,65.93036309147851,5.843758295872573,1472.2887021256975,344.0701866876973,30.496768310358867
93000.0,0.009,put,1.0054324239755632,1621.9185333252285,,1688.264969453885,66.34643612865648,4.090614587937052,1966.4047930501038,344.48625972487525,21.239430504478893
94000.0,0.009,call,1.0162435253086337,736.1691234525429,,810.1396908513998,73.97056739885693,10.048039919406568,1072.1899298745484,336.02080642200553,45.64451234331986
94000.0,0.009,put,1.0162435253086337,2229.8396712536,,2304.165785825673,74.32611457207304,3.3332492703516854,2566.216024848829,336.3763535952289,15.085225988742074
95000.0,0.009,call,1.0270546266417042,457.2114981,,525.7601842920631,68.54868619206309,14.992773908120377,757.6919182006968,300.48042010069685,65.72022386781197
95000.0,0.009,put,1.0270546266417042,2950.9054503684006,,3019.696283316225,68.79083294782458,2.331177128675421,3251.628017224866,300.7225668564656,10.190857413575296
96000.0,0.009,call,1.037865727974775,274.02162866400005,,325.8652792487683,51.84365058476823,18.919546912239507,519.1175921851172,245.0959635211172,89.44402115850828
96000.0,0.009,put,1.037865727974775,3767.845118437629,,3819.711382322799,51.866263885170156,1.376549785217206,4012.9636952591536,245.11857682152458,6.505537492028473
97000.0,0.009,call,1.0486768293078454,156.92340319817143,,192.66154862130497,35.738145423133545,22.774261005543874,344.58528484623275,187.66188164806132,119.5882053431327
98000.0,0.009,call,1.059487930640916,88.05750068920001,,108.57017432536941,20.512673636169396,23.294635295826893,221.50254809512262,133.4450474059226,151.5430785128895
75000.0,0.01996,put,0.8108325999802929,57.17633328,,0.1837744927260001,-56.992558787274,-99.67858293426052,1.9421973029545114,-55.23413597704549,-96.60314470771793
78000.0,0.01996,put,0.8432659039795045,106.31087104,,2.371256163356378,-103.93961487664362,-97.76950735126215,12.873998942723574,-93.43687209727642,-87.89023284563282
80000.0,0.01996,put,0.8648881066456457,170.648284629,,10.011090656748024,-160.63719397225196,-94.13349470314762,37.81814829765108,-132.8301363313489,-77.83854178208114
81000.0,0.01996,put,0.8756992079787163,208.5634421085,,19.13256061226207,-189.43088149623793,-90.82650323621489,61.64480552777832,-146.91863658072168,-70.44313955285169
82000.0,0.01996,call,0.8865103093117869,10800.209093544,,10548.82427068612,-251.38482285787904,-2.327592185304527,10611.254381577237,-188.95471196676226,-1.7495467942348728
82000.0,0.01996,put,0.8865103093117869,258.758850003,,34.94441830971323,-223.8144316932868,-86.4953726957327,97.3745292008216,-161.38432080217842,-62.36861881257679
83000.0,0.01996,put,0.8973214106448574,318.875237824,,61.12713338521553,-257.7481044387845,-80.83039191053335,149.2756931358208,-169.5995446881792,-53.186803041065225
84000.0,0.01996,call,0.908132511977928,8940.31116352,,8616.906192334747,-323.4049711852531,-3.617379364880197,8736.689275782192,-203.62188773780872,-2.277570478404224
84000.0,0.01996,put,0.908132511977928,398.9202536,,102.62717979584431,-296.2930738041557,-74.27376051486489,222.41026324328323,-176.5099903567168,-44.246936264535854
85000.0,0.01996,call,0.9189436133109986,8040.74055488,,7680.195958479351,-360.5445964006485,-4.483972513972369,7836.998033123164,-203.74252175683614,-2.533877574661738
85000.0,0.01996,put,0.9189436133109986,499.343678944,,165.71736585921371,-333.62631308478626,-66.81296412729829,322.51944050301245,-176.82423844098753,-35.4113300913173
86000.0,0.01996,call,0.9297547146440691,7158.8174768,,6772.572890692623,-386.24458610737656,-5.395368541789228,6970.497626329379,-188.31985047062062,-2.630599971027615
86000.0,0.01996,put,0.9297547146440691,617.41804611,,257.8947179912211,-359.52332811877886,-58.2301295506231,455.81945362799524,-161.59859248200473,-26.173286236148357
87000.0,0.01996,call,0.9405658159771397,6318.885712128,,5902.461205708372,-416.4245064196275,-6.59015727441269,6143.593348902999,-175.29236322500037,-2.7741024479768206
87000.0,0.01996,put,0.9405658159771397,777.475053344,,387.5834529257445,-389.8916004182555,-50.14843868511173,628.7155961203716,-148.75945722362837,-19.13366307816549
88000.0,0.01996,call,0.9513769173102102,5515.434456224,,5078.721571921706,-436.7128843022947,-7.918014215715635,5362.533272047935,-152.90118417606573,-2.7722418857415914
88000.0,0.01996,put,0.9513769173102102,974.015980608,,563.644239057834,-410.3717415501659,-42.131931068934186,847.455939184063,-126.56004142393692,-12.993630899663028
89000.0,0.01996,call,0.9621880186432809,4751.263068288,,4310.008459680728,-441.2546086072716,-9.287101182681235,4633.0342170676595,-118.2288512203404,-2.4883667673434307
89000.0,0.01996,put,0.9621880186432809,1209.8471244765,,794.7315467355984,-415.1155777409017,-34.311407560729776,1117.7573041225223,-92.08982035397776,-7.611690641809391
90000.0,0.01996,call,0.9729991199763515,4038.336148352,,3604.0545777742664,-434.2815705777334,-10.75397279037702,3959.9191683041354,-78.4169800478644,-1.9418140830070696
90000.0,0.01996,put,0.9729991199763515,1496.903889888,,1088.5780847478854,-408.32580514011465,-27.278024187021522,1444.4426752777545,-52.461214610245634,-3.5046481584178952
91000.0,0.01996,call,0.983810221309422,3376.4738226015,,2966.9845933695324,-409.4892292319678,-12.127718168312798,3346.805861891553,-29.667960709947238,-0.8786669842175384
91000.0,0.01996,put,0.983810221309422,1835.010956768,,1451.3085202619113,-383.7024365060886,-20.91008966954087,1831.1297887839319,-3.8811679840680426,-0.21150652914377874
92000.0,0.01996,call,0.9946213226424926,2788.629247668,,2402.762285832905,-385.866961835095,-13.83715537509253,2795.8805634716555,7.251315803655416,0.26003154810627305
92000.0,0.01996,put,0.9946213226424926,2247.16361936,,1886.8866326440402,-360.27698671596,-16.03252133543209,2280.0049102827907,32.84129092279045,1.4614552603047106
93000.0,0.01996,call,1.0054324239755632,2276.8275728000003,,1912.8546458940473,-363.97292690595305,-15.985967986954142,2307.7801148478393,30.95254204783896,1.3594592062048028
93000.0,0.01996,put,1.0054324239755632,2735.374640064,,2396.7794126239387,-338.5952274400611,-12.3783858518239,2791.7048815777307,56.330241513730925,2.059324550600241
94000.0,0.01996,call,1.0162435253086337,1819.6490092515,,1496.1582418132384,-323.4907674382616,-17.77764644684566,1881.591262140486,61.94225288898588,3.4040769716608916
94000.0,0.01996,put,1.0162435253086337,3278.199429774,,2979.883428461886,-298.3160013121137,-9.099995522013733,3365.3164487891263,87.11701901512652,2.6574655045050872
95000.0,0.01996,call,1.0270546266417042,1454.220371296,,1149.1871272911449,-305.0332440048551,-20.975723489075435,1514.9616464226601,60.741275126660184,4.176896179258416
95000.0,0.01996,put,1.0270546266417042,3912.752730304,,3632.7127338585415,-280.03999644545866,-7.157109476317483,3998.4872529900676,85.73452268606752,2.191156165378393
96000.0,0.01996,call,1.037865727974775,1139.3453462085,,866.4788196976915,-272.8665265108084,-23.94941335555988,1204.3041128501754,64.95876664167554,5.7014115042330715
96000.0,0.01996,put,1.037865727974775,4597.862811168,,4349.804846183848,-248.05796498415202,-5.3950710399977675,4687.630139336339,89.76732816833919,1.9523707395161602
98000.0,0.01996,call,1.059487930640916,677.804910112,,465.47834396014696,-212.32656615185306,-31.32561641029841,732.0391740010091,54.23426388900907,8.001456330560874
100000.0,0.01996,call,1.0811101333070572,381.287529568,,231.65793657481663,-149.6295929931834,-39.24324332419531,422.2944001357464,41.006870567746375,10.754841789399011
100000.0,0.01996,put,1.0811101333070572,7839.785431456001,,7714.185642735974,-125.59978872002648,-1.6020819679078917,7904.82210629691,65.03667484090874,0.8295721280834871
105000.0,0.01996,call,1.13516563997241,102.210388192,,29.00469909909725,-73.20568909290274,-71.62255264639779,84.94878250473312,-17.26160568726688,-16.888308510130425
105000.0,0.01996,put,1.13516563997241,12560.672907552,,12510.534504854062,-50.138402697937636,-0.3991697185888213,12566.478588259677,5.805680707677311,0.04622109619769411
108000.0,0.01996,call,1.1675989439716217,54.476918144,,6.675699413594145,-47.80121873040586,-87.74582035652581,27.847999583430465,-26.628918560569538,-48.88110316773197
108000.0,0.01996,put,1.1675989439716217,15512.917837824,,15487.6067649248,-25.311072899199644,-0.16316126446235363,15508.77906509464,-4.138772729358607,-0.02667952459122386
70000.0,0.03913,put,0.75677709331494,97.6278026704,,0.6597847441871671,-96.96801792621284,-99.32418355617953,4.697805782631576,-92.92999688776843,-95.188045152986
75000.0,0.03913,put,0.8108325999802929,217.8408791486,,12.332876382299446,-205.50800276630056,-94.33858492010282,43.50744071880217,-174.33343842979784,-80.02788049293375
80000.0,0.03913,call,0.8648881066456457,13102.403868216,,12641.24428426013,-461.1595839558704,-3.5196563057757513,12770.495411342097,-331.90845687390356,-2.5331874991203094
80000.0,0.03913,put,0.8648881066456457,490.5154357324,,112.43212237467469,-378.08331335772533,-77.07877995586425,241.68324945664062,-248.8321862757594,-50.72871680464495
82000.0,0.03913,put,0.8865103093117869,677.9545933372,,230.2007669159384,-447.7538264212616,-66.04481049641012,425.7551382670008,-252.19945507019918,-37.20005108730942
83000.0,0.03913,put,0.8973214106448574,794.5837378614002,,319.15161493288997,-475.43212292851024,-59.834111909730545,552.4277347446659,-242.15600311673427,-30.475831756699467
84000.0,0.03913,call,0.908132511977928,9546.628629677,,8964.208578555088,-582.4200511219115,-6.100792999440443,9237.068230120742,-309.56039955625783,-3.2426148702794095
84000.0,0.03913,put,0.908132511977928,934.7434238528,,433.83152286104996,-500.91190099175003,-53.588170636933185,706.6911744267163,-228.05224942608368,-24.39730985066513
85000.0,0.03913,call,0.9189436133109986,8691.7824525816,,8109.527188865992,-582.2552637156077,-6.698916670914475,8422.655932273177,-269.1265203084222,-3.0963329072794186
85000.0,0.03913,put,0.9189436133109986,1079.8978218924,,578.7589097198124,-501.13891217258765,-46.40614158239506,891.8876531270125,-188.01016876538756,-17.409996108328173
86000.0,0.03913,call,0.9297547146440691,7889.957537255601,,7289.621567719965,-600.3359695356357,-7.608861856364987,7642.368255430549,-247.58928182505224,-3.1380305997333964
86000.0,0.03913,put,0.9297547146440691,1278.072555582,,758.462065121661,-519.610490460339,-40.655789703873445,1111.2087528322409,-166.8638027497591,-13.055894363819883
87000.0,0.03913,call,0.9405658159771397,7107.804324105001,,6508.845344257876,-598.9589798471252,-8.426779249055153,6899.141996539605,-208.66232756539557,-2.9356791218597578
87000.0,0.03913,put,0.9405658159771397,1495.97535860955,,977.2946182074265,-518.6807404021235,-34.671743583010404,1367.5912704891489,-128.3840881204012,-8.581965430214648
88000.0,0.03913,call,0.9513769173102102,6348.264168344201,,5771.188447162931,-577.0757211812697,-9.090291548654736,6195.56154864296,-152.70261970124102,-2.4054232094293897
88000.0,0.03913,put,0.9513769173102102,1736.3812630599998,,1239.2464976603296,-497.1347653996702,-28.630507364700346,1663.6195991403729,-72.76166391962693,-4.190419780929915
89000.0,0.03913,call,0.9621880186432809,5641.401733666,,5080.098119239563,-561.303614426437,-9.94971889835047,5533.773478467789,-107.62825519821126,-1.9078282363037862
89000.0,0.03913,put,0.9621880186432809,2029.5230583838,,1547.7649462848385,-481.7581120989614,-23.7375037503938,2001.4403055130715,-28.082752870728427,-1.3837119393505182
90000.0,0.03913,call,0.9729991199763515,4966.7727854836,,4438.323955279244,-528.4488302043565,-10.639682003349444,4915.418075234818,-51.354710248781885,-1.033965362757814
90000.0,0.03913,put,0.9729991199763515,2354.8910304694,,1905.5995588723854,-449.2914715970146,-19.079076941724026,2382.6936788279563,27.802648358556326,1.1806341779226375
91000.0,0.03913,call,0.983810221309422,4339.8307009372,,3847.7987683167376,-492.0319326204626,-11.337583572423846,4341.581409484919,1.750708547719114,0.0403404802712936
91000.0,0.03913,put,0.983810221309422,2727.9495210580003,,2314.6831484577415,-413.2663726002588,-15.149340902759034,2808.465789625916,80.51626856791563,2.9515307356819576
92000.0,0.03913,call,0.9946213226424926,3761.998875934,,3309.5636754619263,-452.4352004720736,-12.026457619813788,3812.7699711414243,50.77109520742442,1.3495776283245
92000.0,0.03913,put,0.9946213226424926,3150.1182711898005,,2776.0568321507817,-374.06143903901875,-11.874520473091179,3279.2631278302724,129.14485664047197,4.099682790376436
93000.0,0.03913,call,1.0054324239755632,3246.3722694742496,,2823.741612314232,-422.63065716001756,-13.018551850446364,3328.9084012361855,82.53613176193585,2.542411187343668
93000.0,0.03913,put,1.0054324239755632,3634.0100766088,,3289.8435455509534,-344.16653105784644,-9.470709321175496,3795.0103344728996,161.0002578640997,4.430374557858754
94000.0,0.03913,call,1.0162435253086337,2762.896636617,,2389.559091834446,-373.3375447825538,-13.51254114376436,2889.3593369596274,126.46270034262761,4.577178120476978
94000.0,0.03913,put,1.0162435253086337,4151.0181082622,,3855.2698016190116,-295.7483066431887,-7.124717332707614,4355.070046744193,204.0519384819927,4.9157082229019196
95000.0,0.03913,call,1.0270546266417042,2339.8906745476,,2005.4119592416246,-334.4787153059756,-14.294630041663996,2492.96308086544,153.07240631783998,6.541861463140168
95000.0,0.03913,put,1.0270546266417042,4728.0117952084,,4470.731445574056,-257.280349634344,-5.441618184943713,4958.282567197879,230.27077198947882,4.870351047407423
96000.0,0.03913,call,1.037865727974775,1987.7800786676,,1668.9676017352467,-318.8124769323533,-16.038619178941158,2138.093776923197,150.31369825559682,7.5618877494914525
96000.0,0.03913,put,1.037865727974775,5375.9027005828,,5133.895864615544,-242.00683596725594,-4.5016967279006,5603.02203980348,227.11933922067965,4.224766553086195
97000.0,0.03913,call,1.0486768293078454,1657.5199568628,,1377.293842619467,-280.2261142433331,-16.906349337338845,1822.728085703242,165.208128840442,9.967187915681727
97000.0,0.03913,put,1.0486768293078454,6045.604643946601,,5841.830882047623,-203.77376189897768,-3.3706101192543936,6287.265125131395,241.66048118479375,3.9972921720371803
98000.0,0.03913,call,1.059487930640916,1375.3187970596,,1127.00370305272,-248.31509400687992,-18.055093447262692,1544.5220164568418,169.2032193972418,12.302836241240534
98000.0,0.03913,put,1.059487930640916,6763.4416431254,,6591.149519028739,-172.2921240966616,-2.5474031297628685,7008.667832432868,245.2261893074674,3.6257604078941656
99000.0,0.03913,call,1.0702990319739865,1145.0392082496,,914.4053062817547,-230.6339019678453,-20.14200913874478,1300.891578024839,155.8523697752389,13.611094594174421
100000.0,0.03913,call,1.0811101333070572,960.5219975274,,735.6472520536081,-224.8747454737919,-23.41172258966168,1089.0932078523983,128.57121032499833,13.385556047229485
105000.0,0.03913,call,1.13516563997241,343.12445934180005,,218.60745801467965,-124.5170013271204,-36.289165035327315,409.43088880838513,66.30642946658509,19.324308617863522
115000.0,0.03913,call,1.2432766533031157,73.0930475256,,10.633950788500272,-62.45909673709973,-85.45148800263685,37.64853662713608,-35.44451089846392,-48.492315067380225
20000.0,0.05831,call,0.21622202666141144,72682.113086748,,72509.17288631895,-172.94020042904594,-0.23794052358196757,72509.17288631895,-172.94020042904594,-0.23794052358196757
30000.0,0.05831,call,0.32433303999211716,62683.9615821744,,62515.002186621285,-168.95939555311634,-0.2695416678979711,62515.002186621285,-168.95939555311634,-0.2695416678979711
40000.0,0.05831,call,0.4324440533228229,52694.5545790128,,52520.83148692361,-173.72309208918887,-0.3296794013671753,52520.831486925716,-173.72309208708612,-0.32967940136318485
50000.0,0.05831,call,0.5405550666535286,42698.8396716,,42526.660788636225,-172.1788829637735,-0.40324019174294734,42526.661018404506,-172.1786531954931,-0.4032396536293073
60000.0,0.05831,call,0.6486660799842343,32742.0482221416,,32532.511606693675,-209.5366154479234,-0.639961843640025,32532.807122167527,-209.2410999740714,-0.63905928717243
60000.0,0.05831,put,0.6486660799842343,59.9327312355,,0.021519165396968964,-59.91121207010303,-99.96409446899322,0.31703463924723785,-59.61569659625276,-99.47101586610248
65000.0,0.05831,call,0.7027215866495872,27789.172817352,,27536.00927018732,-253.16354716467686,-0.9110150519003485,27539.433957589703,-249.73885976229576,-0.8986912327464273
65000.0,0.05831,put,0.7027215866495872,107.0073025464,,0.6045325078770141,-106.40277003852299,-99.4350549042063,4.029219910253872,-102.97808263614613,-96.23463089492725
70000.0,0.05831,call,0.75677709331494,22892.4114388464,,22546.586245154598,-345.82519369180227,-1.5106542821651696,22568.706649653614,-323.70478919278685,-1.4140266090250695
70000.0,0.05831,put,0.75677709331494,210.197053284,,8.26685732399801,-201.93019596000198,-96.06709171473086,30.387261823014796,-179.8097914609852,-85.54344061999852
75000.0,0.05831,call,0.8108325999802929,18084.3249582312,,17604.766259517302,-479.55869871389586,-2.6517920896772074,17691.92853478383,-392.39642344736785,-2.1698151540279973
75000.0,0.05831,put,0.8108325999802929,402.06077509680006,,63.5322215355352,-338.52855356126486,-84.19835371400276,150.69449680206026,-251.3662782947398,-62.51947314040295
80000.0,0.05831,call,0.8648881066456457,13476.3915514321,,12851.804407724092,-624.5871437080077,-4.634676436376135,13077.28890266217,-399.10264876992915,-2.9614949020052594
80000.0,0.05831,put,0.8648881066456457,794.0266790352,,307.65571959115914,-486.37095944404086,-61.25373016874154,533.1402145292195,-260.8864645059805,-32.85613335095698
82000.0,0.05831,call,0.8865103093117869,11710.6057060488,,11064.426344769847,-646.1793612789534,-5.517898710783053,11361.700566835105,-348.9051392136953,-2.9793944734513405
82000.0,0.05831,put,0.8865103093117869,1028.2718063136,,519.1117965764479,-509.1600097371522,-49.51609162197234,816.3860186417078,-211.88578767189233,-20.6060096533729
84000.0,0.05831,call,0.908132511977928,10037.5364224139,,9376.704717680608,-660.8317047332912,-6.583604551188962,9748.024194806741,-289.5122276071579,-2.884295662037896
84000.0,0.05831,put,0.908132511977928,1355.1446983104,,830.2243094267506,-524.9203888836494,-38.73537560513813,1201.5437865528838,-153.6009117575161,-11.334650236910223
85000.0,0.05831,call,0.9189436133109986,9245.4882832183,,8577.70205458047,-667.7862286378295,-7.222833539791984,8984.791530374852,-260.69675284344703,-2.8197186006567523
85000.0,0.05831,put,0.9189436133109986,1563.0954934678998,,1030.6387162963583,-532.4567771715415,-34.064251313925,1437.728192090748,-125.36730137715176,-8.020450567547256
86000.0,0.05831,call,0.9297547146440691,8457.172944141601,,7812.336975635815,-644.8359685057858,-7.624722502009049,8253.182674490927,-203.99026965067424,-2.4120385263255266
86000.0,0.05831,put,0.9297547146440691,1774.7992063488,,1264.690707321497,-510.10849902730297,-28.741758346665147,1705.5364061766013,-69.2628001721987,-3.9025710584291597
88000.0,0.05831,call,0.9513769173102102,6971.2160698607,,6392.14461227916,-579.07145758154,-8.306606075302886,6891.121780934431,-80.09428892626966,-1.1489285100851867
88000.0,0.05831,put,0.9513769173102102,2288.8047305736,,1843.3324839043562,-445.47224666924376,-19.463095331754378,2342.309652559634,53.50492198603388,2.3376796312643475
90000.0,0.05831,call,0.9729991199763515,5625.1269078816,,5131.6470145430285,-493.47989333857186,-8.772777955411753,5671.594504506371,46.46759662477052,0.8260719693214892
90000.0,0.05831,put,0.9729991199763515,2942.7133320312,,2581.6690261077747,-361.0443059234253,-12.269095395514297,3121.61651607111,178.90318403990977,6.079531502187551
92000.0,0.05831,call,0.9946213226424926,4455.4536869496005,,4039.3386952688597,-416.1149916807408,-9.33945274528555,4599.407651026158,143.9539640765579,3.2309608446433007
92000.0,0.05831,put,0.9946213226424926,3773.0201920704,,3488.1948467731418,-284.8253452972581,-7.549001351645658,4048.263802530426,275.24361046002605,7.295047374474542
94000.0,0.05831,call,1.0162435253086337,3428.9928775368,,3115.976685505222,-313.0161920315777,-9.128516833095066,3674.2143374172592,245.2214598804594,7.151413509397926
94000.0,0.05831,put,1.0162435253086337,4746.5394636288,,4563.666976949033,-182.87248667976746,-3.852753950136943,5121.90462886107,375.36516523226965,7.908185913307405
95000.0,0.05831,call,1.0270546266417042,2974.8135764832,,2715.839215464599,-258.97436101860103,-8.705566058521166,3265.2925176018107,290.4789411186107,9.764609904127589
95000.0,0.05831,put,1.0270546266417042,5292.3701889498,,5162.946576878174,-129.42361207162594,-2.4454754193471926,5712.399879015378,420.0296900655785,7.936513793811688
96000.0,0.05831,call,1.037865727974775,2604.7742665464,,2354.935816465895,-249.83845008050503,-9.591558596429127,2890.836313393993,286.0620468475927,10.98222024539864
96000.0,0.05831,put,1.037865727974775,5922.3009336096,,5801.460247849231,-120.84068576036952,-2.0404347417502473,6337.360744777332,415.0598111677318,7.008421487199838
98000.0,0.05831,call,1.059487930640916,1930.9591036849,,1743.4559710656104,-187.50313261928954,-9.710362703253136,2240.0165709844805,309.0574672995806,16.00538647917494
98000.0,0.05831,put,1.059487930640916,7248.459486540001,,7188.814542388471,-59.64494415153058,-0.8228637307318614,7685.375142307348,436.91565576734683,6.027703632457016
100000.0,0.05831,call,1.0811101333070572,1423.9987263336,,1264.4517096919808,-159.54701664161917,-11.204154448396753,1709.4509663420831,285.45224000848316,20.045821300939163
100000.0,0.05831,put,1.0811101333070572,8741.4864821544,,8708.644420954384,-32.84206120001545,-0.3757033917178958,9153.643677604501,412.1571954501014,4.714955474581052
102000.0,0.05831,call,1.1027323359731982,1043.1249467088,,898.5071893381573,-144.61775737064272,-13.863895962504898,1284.9322922975443,241.80734558874428,23.18105288840796
102000.0,0.05831,put,1.1027323359731982,10360.5918566856,,10341.534040540093,-19.057816145506877,-0.1839452456879578,10727.95914349948,367.3672868138801,3.5458137131115848
104000.0,0.05831,call,1.1243545386393394,734.0774914535999,,625.7261567285823,-108.35133472501764,-14.76020392758036,951.4566411585729,217.37914970497297,29.612561648569937
104000.0,0.05831,put,1.1243545386393394,12051.525409216802,,12067.587147870043,16.061738653241264,0.13327556560564124,12393.317632300037,341.7922230832355,2.836090963404837
105000.0,0.05831,call,1.13516563997241,642.1287267396999,,518.2968640161525,-123.83186272354737,-19.284585405839533,814.192929897019,172.06420315731907,26.795904931857816
105000.0,0.05831,put,1.13516563997241,12959.61320023,,12959.574925127396,-0.03827510260452982,-0.0002953413964843529,13255.47099100826,295.8577907782601,2.282921459206895
106000.0,0.05831,call,1.1459767413054807,542.3991326808,,427.21217619301024,-115.18695648778976,-21.236567233889158,694.1793549937738,151.78022231297382,27.983124081117577
106000.0,0.05831,put,1.1459767413054807,13859.8271314152,,13867.907307274028,8.080175858827715,0.05829925425630229,14134.874486074783,275.0473546595822,1.9844933998934924
108000.0,0.05831,call,1.1675989439716217,376.8273044616,,286.07653854776254,-90.75076591383748,-24.08285303091281,499.1540536139564,122.3267491523564,32.462283837720655
108000.0,0.05831,put,1.1675989439716217,15694.234457352,,15725.605809568297,31.371352216296145,0.1998909363916133,15938.68332463449,244.44886728249003,1.5575711446567397
110000.0,0.05831,call,1.189221146637763,274.5969176173,,187.9773371988931,-86.61958041840688,-31.544265379965697,353.8325056834783,79.23558806617831,28.855235795693563
110000.0,0.05831,put,1.189221146637763,17592.0504752131,,17626.340748158953,34.29027294585467,0.19491913688042836,17792.195916643555,200.14544143045714,1.1377038834242699
112000.0,0.05831,call,1.210843349303904,209.9940807552,,121.26493438747548,-88.72914636772452,-42.25316544572524,247.33836018672537,37.344279431525365,17.78349146662822
112000.0,0.05831,put,1.210843349303904,19527.3623224032,,19558.46248528709,31.100162883889425,0.15926453542683064,19684.535911086336,157.17358868313386,0.8048889864803346
114000.0,0.05831,call,1.2324655519700451,164.2418484072,,76.84308580434754,-87.39876260285246,-53.21345531022475,170.5508249800564,6.308976572856409,3.8412722665022305
114000.0,0.05831,put,1.2324655519700451,21481.5901710264,,21512.874776643497,31.28460561709653,0.1456344961803251,21606.582515819202,124.9923447928013,0.5818579713963006
115000.0,0.05831,call,1.2432766533031157,145.82843471409998,,60.77213698906462,-85.05629772503536,-58.32627765071345,140.91437821379031,-4.91405650030967,-3.3697519348293024
115000.0,0.05831,put,1.2432766533031157,22463.252003234094,,22496.220897797975,32.968894563880895,0.1467681284933022,22576.363139022695,113.11113578860022,0.5035385605446412
116000.0,0.05831,call,1.2540877546361862,132.3482837448,,47.85802437120424,-84.49025937359576,-63.83933133316163,116.04539391990829,-16.302889824891707,-12.318172448936084
116000.0,0.05831,put,1.2540877546361862,23449.6766873352,,23482.72385514989,33.0471678146896,0.14092803178193863,23550.91122469859,101.2345373633907,0.43170973618611075
118000.0,0.05831,call,1.2757099573023274,113.9681150829,,29.310928364483402,-84.6571867184166,-74.2814660546393,77.93993020169296,-36.02818488120704,-31.612512723405374
118000.0,0.05831,put,1.2757099573023274,25431.276169260003,,25463.0108990827,31.734729822695954,0.12478622626518143,25511.63990091991,80.36373165990517,0.3160035348797975
120000.0,0.05831,call,1.2973321599684686,91.2842274004,,17.663416819739723,-73.62081058066028,-80.65008893347732,51.68897422514783,-39.59525317525217,-43.37578824168113
120000.0,0.05831,put,1.2973321599684686,27408.6759532072,,27450.197527477474,41.52157427027487,0.15149062414091644,27484.22308488289,75.54713167569207,0.2756321823231012
122000.0,0.05831,call,1.3189543626346096,77.0433671304,,10.479355225508073,-66.56401190489193,-86.39810847341187,33.860198946717674,-43.18316818368233,-56.05046844667694
122000.0,0.05831,put,1.3189543626346096,29394.4239443426,,29441.847605822782,47.42366148018118,0.1613355702087456,29465.228449543996,70.80450520139493,0.2408773355635783
124000.0,0.05831,call,1.3405765653007509,63.6668837778,,6.1242175464593345,-57.54266623134067,-90.38084293895537,21.91703002495376,-41.74985375284624,-65.57546290243279
124000.0,0.05831,put,1.3405765653007509,31380.915370824005,,31436.326608083284,55.411237259279005,0.17657622986612073,31452.11942056178,71.20404973777477,0.22690239878718071
125000.0,0.05831,call,1.3513876666338214,63.6678105965,,4.656172470267649,-59.01163812623235,-92.68677149937426,17.55591420302858,-46.11189639347142,-72.42576108939785
125000.0,0.05831,put,1.3513876666338214,32380.90726494,,32434.27563297686,53.368368036859465,0.16481430739478806,32447.175374709608,66.26810976960769,0.20465180060398927
126000.0,0.05831,call,1.3621987679668919,54.4290762504,,3.5274442432582447,-50.90163200714176,-93.51919142072099,14.022309769622268,-40.40676648077773,-74.23746509106111
126000.0,0.05831,put,1.3621987679668919,33371.657884696804,,33432.56397471961,60.90609002280689,0.18250843345345608,33443.05884024597,71.40095554916479,0.2139568726128738
128000.0,0.05831,put,1.383820970633033,35362.4931601648,,35429.87419781674,67.38103765193955,0.1905437983310607,35436.74111860241,74.2479584376124,0.20996245400833718
130000.0,0.05831,put,1.4054431732991743,37360.1181236376,,37427.82755787081,67.70943423321296,0.18123452931583067,37432.25488879974,72.13676516214036,0.1930849493660988
135000.0,0.05831,put,1.459498679964527,42349.136127287,,42424.03981327308,74.90368598607893,0.1768718156633564,42425.43145260883,76.2953253218293,0.18015792599053657
140000.0,0.05831,put,1.51355418662988,47343.4452190872,,47420.92708428635,77.48186519914452,0.16365911868176963,47421.33165146828,77.88643238107761,0.16451365552432706
150000.0,0.05831,put,1.6216651999605858,57337.5446876064,,57415.048022374816,77.50333476841479,0.13517030628129992,57415.07594387153,77.53125626513065,0.13521900298930858
160000.0,0.05831,put,1.7297762132912915,67329.37901977681,,67409.21696054058,79.83794076376944,0.1185781629447651,67409.21849304499,79.83947326817724,0.11858043907508165
170000.0,0.05831,put,1.8378872266219972,77321.8991951952,,77403.38761034602,81.48841515081585,0.10538853287230115,77403.38767973636,81.48848454115796,0.10538862261446065
200000.0,0.05831,put,2.1622202666141144,107320.8506162664,,107385.89970823911,65.04909197271627,0.06061179314102167,107385.89970824166,65.04909197526285,0.060611793143394536
300000.0,0.05831,put,3.2433303999211716,207315.83321367364,,207327.60670521576,11.773491542116972,0.0056790122392545,207327.60670521576,11.773491542116972,0.0056790122392545
400000.0,0.05831,put,4.324440533228229,307314.5128769136,,307269.3137021925,-45.199174721085,-0.01470779049708866,307269.3137021925,-45.199174721085,-0.01470779049708866
55000.0,0.1542,call,0.5946105733188815,38307.851194637,,37588.54100409206,-719.3101905449366,-1.8777095767920238,37600.233907996626,-707.6172866403722,-1.8471860586621387
55000.0,0.1542,put,0.5946105733188815,222.583348977,,6.282073291032916,-216.30127568596708,-97.17765353073105,17.974977195590725,-204.6083717814093,-91.9243837069555
60000.0,0.1542,call,0.6486660799842343,33441.549446343,,32621.56660196305,-819.9828443799488,-2.451988194194208,32659.046341395726,-782.5031049472746,-2.3399128267151665
60000.0,0.1542,put,0.6486660799842343,356.270379704,,31.603612517753618,-324.6667671862464,-91.12931797922386,69.08335195043696,-287.18702775356303,-80.6092911771578
65000.0,0.1542,call,0.7027215866495872,28646.1627578735,,27715.302507859706,-930.8602500137931,-3.2495111400494396,27806.97588166222,-839.186876211279,-2.929491406246463
65000.0,0.1542,put,0.7027215866495872,560.873401107,,117.6354597701636,-443.23794133683634,-79.02637929736271,209.30883357268976,-351.5645675343102,-62.681625985547655
70000.0,0.1542,call,0.75677709331494,23977.122405202,,22949.875674095085,-1027.2467311069158,-4.284278629215521,23129.51565474717,-847.60675045483,-3.5350645341449978
70000.0,0.1542,put,0.75677709331494,891.8218274564998,,344.50456736129945,-547.3172600952004,-61.37069572026109,524.1445480133762,-367.67727944312367,-41.227660965839924
75000.0,0.1542,call,0.8108325999802929,19495.645837226,,18445.20706311692,-1050.4387741090795,-5.38806861224016,18738.03053787793,-757.6152993480682,-3.8860743864224196
75000.0,0.1542,put,0.8108325999802929,1410.3340385015,,832.1318977388855,-578.2021407626144,-40.997531434252444,1124.9553724999023,-285.3786660015976,-20.234827935147656
80000.0,0.1542,call,0.8648881066456457,15284.6607523775,,14340.91023039331,-943.7505219841896,-6.174494398492888,14749.855164156805,-534.8055882206954,-3.4989693057957303
80000.0,0.1542,put,0.8648881066456457,2199.3386635255,,1720.1310063710298,-479.2076571544703,-21.78871608551223,2129.075940134506,-70.26272339099432,-3.1947205110450994
82000.0,0.1542,call,0.8865103093117869,13707.9993753015,,12840.625184306635,-867.3741909948658,-6.327503870168423,13290.656189202404,-417.3431860990968,-3.0445229436692873
82000.0,0.1542,put,0.8865103093117869,2622.6731703985,,2216.7643368266545,-405.90883357184566,-15.476912569711084,2666.7953417224307,44.122171323930615,1.682335863344593
84000.0,0.1542,call,0.908132511977928,12219.254129845998,,11431.217857756732,-788.0362720892663,-6.449135632300644,11916.824373495707,-302.4297563502914,-2.4750263243285455
84000.0,0.1542,put,0.908132511977928,3133.923808892,,2804.2753868190302,-329.6484220729699,-10.51871207390703,3289.8819025580196,155.95809366601952,4.976448158168802
85000.0,0.1542,call,0.9189436133109986,11499.854856585998,,10762.143453106371,-737.7114034796268,-6.414962733700396,11263.060456916093,-236.79439966990503,-2.0591077246013434
85000.0,0.1542,put,0.9189436133109986,3414.5224776065,,3133.6601704398454,-280.8623071666548,-8.22552228045465,3634.5771742495563,220.0546966430561,6.44466973306643
86000.0,0.1542,call,0.9297547146440691,10792.707450769,,10117.44798157167,-675.25946919733,-6.25662719273667,10631.848194623257,-160.85925614574262,-1.4904439583811855
86000.0,0.1542,put,0.9297547146440691,3707.373013764,,3487.423887176279,-219.9491265877209,-5.932748762294417,4001.82410022787,294.45108646387007,7.9423107782974744
88000.0,0.1542,call,0.9513769173102102,9479.0162767005,,8902.442913019106,-576.5733636813948,-6.082628691108136,9437.945217790031,-41.07105891046922,-0.43328397917642797
88000.0,0.1542,put,0.9513769173102102,4393.6970890596,,4269.337195166012,-124.35989389358838,-2.8304157381091923,4804.839499936941,411.1424108773408,9.357550203019098
90000.0,0.1542,call,0.9729991199763515,8256.4005442435,,7787.644528939891,-468.75601530360836,-5.6774863669911575,8336.043896867908,79.64335262440909,0.9646255919589289
90000.0,0.1542,put,0.9729991199763515,5171.056944285,,5151.457187629101,-19.599756655899,-0.37902805687646607,5699.856555557126,528.7996112721257,10.226141714732995
92000.0,0.1542,call,0.9946213226424926,7137.711589207,,6772.84298836533,-364.86860084166983,-5.11184286842566,7325.818706821199,188.10711761419952,2.6353981281428918
92000.0,0.1542,put,0.9946213226424926,6052.2447242055005,,6133.574023596848,81.32929939134738,1.343787356550156,6686.54974205271,634.3050178472095,10.48049189601263
94000.0,0.1542,call,1.0162435253086337,6119.508984447,,5856.285960900685,-263.22302354631574,-4.3013749014064455,6405.771398810197,286.2624143631965,4.677865742018599
94000.0,0.1542,put,1.0162435253086337,7034.188715302001,,7213.935372674503,179.74665737250234,2.5553289035519606,7763.420810584008,729.2320952820073,10.36696802995424
95000.0,0.1542,call,1.0270546266417042,5655.4581021125,,5433.920417933499,-221.53768417900028,-3.9172367680745204,5978.80407347819,323.3459713656903,5.717414319538676
95000.0,0.1542,put,1.0270546266417042,7570.13825071,,7790.0290179784715,219.8907672684718,2.9047127012224427,8334.912673523162,764.7744228131623,10.102515931481628
96000.0,0.1542,call,1.037865727974775,5230.4685007862,,5034.847660632484,-195.62084015371602,-3.7400252027961156,5573.349195300543,342.8806945143433,6.555448990139304
96000.0,0.1542,put,1.037865727974775,8145.087460170499,,8389.415448948603,244.32798877810365,2.9996975474219054,8927.916983616655,782.8295234461557,9.611063444980724
98000.0,0.1542,call,1.059487930640916,4402.79727579,,4304.2399176033,-98.55735818670018,-2.2385168340283377,4825.0897623746205,422.29248658462075,9.591458796132017
98000.0,0.1542,put,1.059487930640916,9317.4372116275,,9655.726082461719,338.28887083421796,3.630707276589505,10176.57592723304,859.1387156055389,9.22076206248425
100000.0,0.1542,call,1.0811101333070572,3744.7252919045,,3659.247344109561,-85.47794779493915,-2.282622652714443,4156.782705769361,412.05741386486125,11.003675349849127
100000.0,0.1542,put,1.0811101333070572,10659.4094209694,,11007.65188551027,348.24246454087006,3.2669958605380205,11505.187247170063,845.7778262006632,7.934565535467963
102000.0,0.1542,call,1.1027323359731982,3148.986847865,,3093.9700233554904,-55.01682450950966,-1.7471277959389013,3563.63797106528,414.6511232002799,13.1677629419574
102000.0,0.1542,put,1.1027323359731982,12063.5180196385,,12439.292941298503,375.7749216600023,3.1149696220312264,12908.960889008289,845.4428693697882,7.008261337973473
104000.0,0.1542,call,1.1243545386393394,2637.9912626825,,2602.059596281684,-35.93166640081563,-1.3620843597593164,3040.452692771869,402.46143008936906,15.256359480134032
104000.0,0.1542,put,1.1243545386393394,13552.6179195155,,13944.300890767001,391.68297125150093,2.8900908560809144,14382.693987257175,830.0760677416747,6.124839294306244
105000.0,0.1542,call,1.13516563997241,2406.4325896114,,2381.5647340718315,-24.86785553956861,-1.0333909059793926,2803.395307926483,396.96271831508284,16.49590019802657
105000.0,0.1542,put,1.13516563997241,14321.046072131998,,14722.265216828295,401.219144696297,2.801605013177413,15144.095790682943,823.0497185509448,5.747134073903696
106000.0,0.1542,call,1.1459767413054807,2175.789051427,,2176.9376799462916,1.148628519291833,0.05279135486680111,2581.769534670875,405.98048324387537,18.659000190189
106000.0,0.1542,put,1.1459767413054807,15090.335262386,,15516.097350973912,425.76208858791324,2.821422328827664,15920.9292056985,830.5939433125004,5.5041450628524435
108000.0,0.1542,call,1.1675989439716217,1804.9890106595,,1811.9888028001915,6.999792140691397,0.38780247964688935,2182.02121422685,377.03220356735005,20.888337897946062
108000.0,0.1542,put,1.1675989439716217,16719.541344934,,17148.0668503701,428.5255054361005,2.5630218951307726,17518.099261796786,798.5579168627846,4.776195114375829
110000.0,0.1542,call,1.189221146637763,1521.986883372,,1500.7231600482373,-21.263723323762633,-1.397102928814493,1835.657555978978,313.6706726069781,20.609288820678458
110000.0,0.1542,put,1.189221146637763,18436.6002612005,,18833.71958416047,397.1193229599703,2.153972626914849,19168.653980091185,732.0537188906856,3.9706546137537067
112000.0,0.1542,call,1.210843349303904,1248.9914097094995,,1236.9072460591178,-12.084163650381697,-0.9675137520114994,1537.2529569424441,288.2615472329446,23.079546023458306
112000.0,0.1542,put,1.210843349303904,20163.600671487,,20566.82204671364,403.2213752266398,1.9997488632912084,20867.16775759695,703.5670861099497,3.489292897497478
114000.0,0.1542,call,1.2324655519700451,1048.2106524176,,1014.6626757782324,-33.54797663936756,-3.2004994952104604,1281.5934920966538,233.38283967905386,22.264879596556106
114000.0,0.1542,put,1.2324655519700451,21962.8109560345,,22341.49585297506,378.68489694055825,1.7242096091370802,22608.42666929346,645.6157132589615,2.93958598720066
115000.0,0.1542,call,1.2432766533031157,949.5296982038,,917.4073015457507,-32.1223966580493,-3.3829796707585214,1168.2386157544552,218.7089175506552,23.03339410703857
116000.0,0.1542,call,1.2540877546361862,858.9292588525,,828.5352105272959,-30.39404832520404,-3.5385973887779123,1063.7439947762668,204.81473592376688,23.845355576475804
118000.0,0.1542,call,1.2757099573023274,700.4741314135,,673.5371660619921,-26.936965351507865,-3.8455332100774733,879.096298685381,178.62216727188104,25.500180415147668
120000.0,0.1542,call,1.2973321599684686,577.120483188,,545.1670566323719,-31.953426555628084,-5.536699439104657,723.4004312370034,146.27994804900345,25.346518155265684
122000.0,0.1542,call,1.3189543626346096,484.8963708255,,439.41059789894734,-45.48577292655267,-9.380514201233662,592.7809238664577,107.88455304095766,22.248991646873378
124000.0,0.1542,call,1.3405765653007509,409.3335694615,,352.72714420210013,-56.606425259399884,-13.828923274938978,483.7405857277072,74.40701626620717,18.177599351085114
125000.0,0.1542,call,1.3513876666338214,376.0649368515,,315.55503107538243,-60.50990577611759,-16.090281184606066,436.3217661568433,60.256829305343274,16.022985234897718
130000.0,0.1542,call,1.4054431732991743,257.1561045385,,178.25326041666813,-78.90284412183189,-30.68285867194686,256.6093659639291,-0.5467385745708953,-0.21260960363048295
140000.0,0.1542,call,1.51355418662988,133.51854660549998,,53.25057186968445,-80.26797473581553,-60.11747189922533,82.60415494653421,-50.91439165896577,-38.13282345665413
150000.0,0.1542,call,1.6216651999605858,86.883817307,,14.725007286403127,-72.15881002059687,-83.05207144113731,24.299366156039525,-62.584451150960476,-72.03234513720913
160000.0,0.1542,call,1.7297762132912915,49.700023288,,3.8106729351138426,-45.889350352886154,-92.33265362265148,6.569092354268491,-43.130930933731506,-86.78251654691962
50000.0,0.23091,call,0.5405550666535286,43750.2744977968,,42627.47375548915,-1122.800742307656,-2.5663855945959804,42643.41821442293,-1106.856283373876,-2.52994134569285
50000.0,0.23091,put,0.5405550666535286,286.9520503993,,14.63766580439642,-272.3143845949036,-94.89891576518524,30.582124738174343,-256.36992566112565,-89.34242682858734
60000.0,0.23091,call,0.6486660799842343,34123.0514789813,,32804.600798550746,-1318.4506804305565,-3.863812359345059,32891.557385480046,-1231.4940935012564,-3.608979971383324
60000.0,0.23091,put,0.6486660799842343,659.7314767376,,168.70034807190018,-491.03112866569984,-74.42893752680553,255.65693500120096,-404.07454173639906,-61.24833450945295
65000.0,0.23091,call,0.7027215866495872,29448.4026505675,,28067.314719368856,-1381.0879311986428,-4.689856857726808,28219.570546277115,-1228.8321042903844,-4.172831100116405
65000.0,0.23091,put,0.7027215866495872,985.0829362674,,419.8820884929728,-565.2008477744272,-57.37596571472881,572.1379154012266,-412.9450208661734,-41.91982275430257
70000.0,0.23091,call,0.75677709331494,24949.3302953585,,23556.883464476516,-1392.446830881985,-5.581099029103124,23787.273650942778,-1162.056644415723,-4.657666681465629
70000.0,0.23091,put,0.75677709331494,1486.0118036353,,897.9186532035947,-588.0931504317055,-39.57526777331282,1128.308839669844,-357.7029639654561,-24.071340691264403
75000.0,0.23091,call,0.8108325999802929,20669.6546956248,,19369.24268226749,-1300.4120133573088,-6.291406569228128,19677.93545111867,-991.71924450613,-4.797947808562326
75000.0,0.23091,put,0.8108325999802929,2206.3364918452,,1698.7456905975123,-507.5908012476875,-23.00604659007294,2007.43845944868,-198.89803239651974,-9.014854856984106
80000.0,0.23091,call,0.8648881066456457,16666.2380067051,,15590.603499162156,-1075.6345075429454,-6.453973038847758,15963.792136156466,-702.4458705486359,-4.214783625831038
80000.0,0.23091,put,0.8648881066456457,3202.9200908691,,2908.5743270951243,-294.3457637739757,-9.189919055835892,3281.7629640894447,78.8428732203447,2.461593514153236
82000.0,0.23091,call,0.8865103093117869,15175.9287591564,,14208.505525750523,-967.4232334058779,-6.374721763385867,14601.028447978679,-574.900311177722,-3.788238072947303
82000.0,0.23091,put,0.8865103093117869,3712.6111454245,,3521.863481524677,-190.74766389982324,-5.137830395593804,3914.38640375284,201.77525832834,5.434861083607209
84000.0,0.23091,call,0.908132511977928,13766.5662324541,,12904.557241408875,-862.0089910452261,-6.261612202272169,13311.972735847972,-454.5934966061286,-3.302156027364642
84000.0,0.23091,put,0.908132511977928,4303.2498554596,,4213.302325024219,-89.94753043538185,-2.090223283718095,4620.717819463316,317.4679640037157,7.377400213025956
85000.0,0.23091,call,0.9189436133109986,13070.9046477646,,12282.42179993524,-788.4828478293603,-6.032351004597125,12695.527561185787,-375.37708657881376,-2.871852382788296
85000.0,0.23091,put,0.9189436133109986,4607.5888891388,,4588.860447471157,-18.728441667642983,-0.4064694598033788,5001.966208721715,394.3773195829144,8.559299214228009
86000.0,0.23091,call,0.9297547146440691,12412.77407500075,,11680.349844047101,-732.4242309536494,-5.900568450921436,12097.948534338037,-314.82554066271405,-2.5363028341647715
86000.0,0.23091,put,0.9297547146440691,4949.4599922461,,4984.482055503609,35.02206325750922,0.7075936225845914,5402.080745794552,452.62075354845183,9.144851241499769
88000.0,0.23091,call,0.9513769173102102,11142.2439708162,,10536.577394837725,-605.6665759784755,-5.435768392478564,10959.552679977081,-182.69129083911866,-1.6396274513251035
88000.0,0.23091,put,0.9513769173102102,5678.9281980299,,5836.096734135412,157.16853610551152,2.767573926362293,6259.072019274776,580.1438212448757,10.215727352322146
90000.0,0.23091,call,0.9729991199763515,9962.0796990063,,9473.071123831185,-489.00857517511577,-4.90869968871955,9896.679861797093,-65.39983720920827,-0.6564877935651507
90000.0,0.23091,put,0.9729991199763515,6498.764228324099,,6767.977590970062,269.21336264596266,4.142531613512426,7191.5863289359695,692.8221006118702,10.660828370912219
92000.0,0.23091,call,0.9946213226424926,8854.7682236648,,8488.857526373817,-365.9106972909831,-4.1323577088451495,8908.563759012846,53.79553534804654,0.6075318290576522
92000.0,0.23091,put,0.9946213226424926,7391.451868826851,,7779.151121353876,387.69925252702524,5.245238140048387,8198.857353992898,807.4054851660476,10.923503250711104
94000.0,0.23091,call,1.0162435253086337,7848.4382685885,,7582.2350067312145,-266.2032618572857,-3.3917991420369673,7993.831551635165,145.3932830466647,1.8525122842408863
94000.0,0.23091,put,1.0162435253086337,8385.1234021145,,8867.915729552456,482.7923274379573,5.75772477380846,9279.5122744564,894.3888723419004,10.666376980407467
95000.0,0.23091,call,1.0270546266417042,7367.2703530825,,7157.31148418918,-209.95886889331996,-2.8498868486002036,7563.40529673783,196.13494365533006,2.6622471316430825
95000.0,0.23091,put,1.0270546266417042,8903.9561049772,,9440.685770931013,536.7296659538133,6.027990924773182,9846.779583479663,942.8234785024633,10.588815436493862
96000.0,0.23091,call,1.037865727974775,6922.2419033876,,6750.8637023435,-171.37820104410002,-2.475761515358646,7150.568476408735,228.3265730211342,3.298448338093992
96000.0,0.23091,put,1.037865727974775,9458.9273390177,,10031.931553005932,573.0042139882316,6.057813887887815,10431.636327071166,972.7089880534659,10.283502063083622
98000.0,0.23091,call,1.059487930640916,6075.3557161248,,5991.863334383423,-83.49238174137736,-1.3742797235687367,6376.389166764442,301.03345063964207,4.95499300297198
98000.0,0.23091,put,1.059487930640916,10612.041453859,,11268.318312887037,656.2768590280375,6.184265882125693,11652.844145268056,1040.802691409057,9.807751844303018
100000.0,0.23091,call,1.0811101333070572,5316.6510695592,,5301.914393676532,-14.736675882667441,-0.27717966986855974,5668.512723690968,351.8616541317688,6.6181069535740935
100000.0,0.23091,put,1.0811101333070572,11853.2241952927,,12573.756500021314,720.5323047286147,6.078787449365562,12940.354830035758,1087.1306347430582,9.17160273720962
102000.0,0.23091,call,1.1027323359731982,4677.0985022931,,4677.35860244212,0.26010014902021794,0.005561143279165392,5023.838776166078,346.7402738729779,7.413576466327942
102000.0,0.23091,put,1.1027323359731982,13213.7848442355,,13944.587836628089,730.8029923925878,5.5306106540050095,14291.068010352043,1077.283166116542,8.152722167157926
104000.0,0.23091,call,1.1243545386393394,4095.4117100054,,4114.295316163454,18.883606158054135,0.4610917654974727,4439.022168796142,343.6104587907421,8.390132253401429
104000.0,0.23091,put,1.1243545386393394,14632.0983540519,,15376.911678190598,744.8133241386986,5.090270076898752,15701.6385308233,1069.540176771401,7.309547481788391
105000.0,0.23091,call,1.13516563997241,3817.410642720201,,3854.560396054563,37.14975333436223,0.9731662849844771,4167.965730198084,350.55508747788326,9.183059416109492
105000.0,0.23091,put,1.13516563997241,15354.096970502102,,16114.870322002316,760.7733515002146,4.954855716762718,16428.275656145823,1074.178685643721,6.996039478631702
110000.0,0.23091,call,1.189221146637763,2673.3120006907,,2753.2428205500946,79.93081985939443,2.989954776649445,3008.056714405895,334.74471371519485,12.521722628286833
110000.0,0.23091,put,1.189221146637763,19210.0004856828,,20002.020566100793,792.0200804179913,4.122957107722528,20256.83445995659,1046.833974273788,5.449421904252384
120000.0,0.23091,call,1.2973321599684686,1311.2363111686002,,1338.0349129890565,26.79860182045627,2.0437659933755814,1484.4915023502126,173.25519118161242,13.21311724712717
130000.0,0.23091,call,1.4054431732991743,627.8698275406,,613.7172587257128,-14.152568814887218,-2.254060984316382,683.8662546706646,55.9964271300646,8.918477154636596
20000.0,0.30763,call,0.21622202666141144,73863.71035960199,,72558.94576304888,-1304.764596553112,-1.7664487611046438,72558.9459666886,-1304.764392913392,-1.7664484854080686
30000.0,0.30763,call,0.32433303999211716,63911.974834794,,62589.70808665018,-1322.2667481438184,-2.0688873275497186,62589.84758091227,-1322.1272538817284,-2.068669067571913
30000.0,0.30763,put,0.32433303999211716,70.652926545,,0.046609808410968734,-70.60631673658904,-99.93402989700465,0.18610407050310096,-70.4668224744969,-99.73659396771828
40000.0,0.30763,call,0.4324440533228229,54028.9948600155,,52624.338056474655,-1404.6568035408418,-2.5998203504991855,52628.97423585949,-1400.0206241560081,-2.5912394405695345
40000.0,0.30763,put,0.4324440533228229,187.580829441,,3.9608492570867497,-183.61998018391324,-97.88845732856056,8.597028641905169,-178.9838007990948,-95.41689379051967
50000.0,0.30763,call,0.5405550666535286,44279.29963241849,,42715.58020092979,-1563.719431488702,-3.5314908873216364,42750.93043536227,-1528.3691970562213,-3.451656213499019
50000.0,0.30763,put,0.5405550666535286,438.216609273,,64.48726333638683,-373.7293459366132,-85.28415811455184,99.83749776885611,-338.3791115041439,-77.21731772456407
60000.0,0.30763,call,0.6486660799842343,34829.9643808065,,33101.44666296293,-1728.5177178435697,-4.962731798818869,33216.90254855328,-1613.0618322532246,-4.631247435734166
60000.0,0.30763,put,0.6486660799842343,988.696066794,,419.63799499370043,-569.0580718002996,-57.556421119946236,535.0938805840487,-453.60218620995124,-45.878829849179695
65000.0,0.30763,call,0.7027215866495872,30256.858919667,,28552.282374073533,-1704.576545593467,-5.633686398575531,28720.220148847475,-1536.6387708195252,-5.0786460514601135
65000.0,0.30763,put,0.7027215866495872,1415.5105975365,,855.11584091639,-560.39475662011,-39.58958397029308,1023.0536156903345,-392.4569818461655,-27.725471114747037
70000.0,0.30763,call,0.75677709331494,25896.247909392,,24272.98230037703,-1623.2656090149721,-6.268342868413186,24491.351515035873,-1404.8963943561284,-5.4250963277448525
70000.0,0.30763,put,0.75677709331494,2054.7924277095,,1560.4579020319743,-494.33452567752556,-24.05763808603119,1778.8271166908162,-275.9653110186837,-13.430325481893338
75000.0,0.30763,call,0.8108325999802929,21761.386271169,,20331.590690640565,-1429.7955805284364,-6.57033317046869,20589.653068207357,-1171.7332029616446,-5.384460292927377
75000.0,0.30763,put,0.8108325999802929,2919.8652091605,,2603.708427107602,-316.15678205289805,-10.827786880744311,2861.77080467439,-58.09440448610985,-1.9896262438365353
80000.0,0.30763,call,0.8648881066456457,17926.239749629498,,16780.35913300603,-1145.880616623468,-6.3921973187218555,17060.89436914328,-865.3453804862183,-4.827255423179886
80000.0,0.30763,put,0.8648881066456457,4084.6372131495,,4037.1190042851704,-47.51820886432961,-1.163339762742117,4317.6542404224165,233.0170272729165,5.704717827149365
85000.0,0.30763,call,0.9189436133109986,14478.114376749,,13650.23639553065,-827.8779812183493,-5.718134003333146,13933.14235464386,-544.9720221051393,-3.764109109265861
85000.0,0.30763,put,0.9189436133109986,5636.2411653225,,5891.638401621862,255.3972362993618,4.531339749454249,6174.544360735079,538.303195412579,9.550748089427751
90000.0,0.30763,call,0.9729991199763515,11476.207419492,,10949.586076751424,-526.6213427405764,-4.588809904621675,11215.61732232532,-260.5900971666797,-2.2706987390631777
90000.0,0.30763,put,0.9729991199763515,7634.379479272499,,8175.630217654732,541.2507383822331,7.089649392615866,8441.661463228636,807.2819839561371,10.574297310579395
95000.0,0.30763,call,1.0270546266417042,8921.137199307,,8666.393956216547,-254.7432430904537,-2.855501909669569,8900.073156473663,-21.064042833337226,-0.23611387609836884
95000.0,0.30763,put,1.0270546266417042,10079.3123427675,,10877.080231931955,797.7678891644555,7.914903934263936,11110.759432189065,1031.4470894215647,10.233308130010364
100000.0,0.30763,call,1.0811101333070572,6806.922373413,,6772.658309881044,-34.2640635319558,-0.5033708576696425,6963.896786387333,156.97441297433306,2.306099649196174
100000.0,0.30763,put,1.0811101333070572,12965.310316983,,13967.986720408524,1002.6764034255248,7.733531854707243,14159.225196914813,1193.9148799318136,9.208533006479055
105000.0,0.30763,call,1.13516563997241,5192.43825192,,5229.633210585034,37.19495866503439,0.7163293400991503,5374.06017224674,181.6219203267401,3.4978156988112867
105000.0,0.30763,put,1.13516563997241,16350.566975774998,,17409.603755924618,1059.0367801496195,6.477064567355301,17554.030717586313,1203.4637418113143,7.360379267546907
110000.0,0.30763,call,1.189221146637763,3880.7884936965,,3992.890528658165,112.10203496166469,2.888640675567611,4091.1883972742144,210.3999035777142,5.421576154419734
110000.0,0.30763,put,1.189221146637763,20038.779528846,,21157.503208809816,1118.7236799638158,5.582793494750532,21255.801077425873,1217.0215485798726,6.073331695814904
115000.0,0.30763,call,1.2432766533031157,2944.1605725315,,3016.5662513718707,72.40567884037091,2.4592978900642564,3073.224394902649,129.06382237114894,4.383722259420621
115000.0,0.30763,put,1.2432766533031157,24102.03550221,,25165.82106633563,1063.7855641256283,4.413675201947512,25222.479209866404,1120.4437076564027,4.648751378503551
120000.0,0.30763,call,1.2973321599684686,2196.508883838,,2256.5203428963723,60.01145905837211,2.732129129999829,2278.396244205287,81.88736036728687,3.7280687080219588
120000.0,0.30763,put,1.2973321599684686,28354.1213174115,,29390.41729267221,1036.2959752607094,3.6548336788851508,29412.293193981124,1058.1718765696241,3.731986136067738
125000.0,0.30763,call,1.3513876666338214,1645.981401105,,1672.4033560951775,26.421954990177483,1.6052401911977605,1667.381700330856,21.40029922585586,1.300154376683063
125000.0,0.30763,put,1.3513876666338214,32803.4844647535,,33790.94244068311,987.4579759296103,3.010222822488899,33785.920784918795,982.4363201652959,2.9949145226352356
130000.0,0.30763,call,1.4054431732991743,1214.0165893605,,1228.778506515524,14.761917155024094,1.2159567904092758,1204.6989529679122,-9.317636392587701,-0.7675048656045051
130000.0,0.30763,put,1.4054431732991743,37371.87816451951,,38331.95972591554,960.0815613960294,2.5689946787515785,38307.880172367935,936.0020078484231,2.5045623977685287
135000.0,0.30763,call,1.459498679964527,933.497413761,,895.5144671433973,-37.98294661760269,-4.068886111271791,859.4328228460217,-74.06459091497823,-7.934097065847974
135000.0,0.30763,put,1.459498679964527,42091.233718017,,42983.33782135551,892.1041033385118,2.1194534456153273,42947.25617705814,856.0224590411381,2.0337309777515995
140000.0,0.30763,call,1.51355418662988,746.4186291225,,647.6702783017572,-98.74835082074276,-13.22962034546655,605.4414076361627,-140.97722148633727,-18.88715205997364
145000.0,0.30763,call,1.5676096932952328,583.3544772705,,465.065961182323,-118.28851608817695,-20.277296343322117,421.1924063269098,-162.16207094359015,-27.7982045672028
150000.0,0.30763,call,1.6216651999605858,480.7534108665,,331.69054680554973,-149.0628640609503,-31.006095992596798,289.3632039695485,-191.3902068969515,-39.81047301401227
155000.0,0.30763,call,1.6757207066259385,385.2541670145,,235.05597735653782,-150.1981896579622,-38.98677873413089,196.31411411643057,-188.94005289806944,-49.04296152388098
160000.0,0.30763,call,1.7297762132912915,317.1036964785,,165.56748924893714,-151.53620722956288,-47.78758775517371,131.51691184698166,-185.58678463151836,-58.52558222830473
170000.0,0.30763,call,1.8378872266219972,224.5416493215,,80.75901502413251,-143.78263429736748,-64.0338372555101,56.812248844160194,-167.7294004773398,-74.69856972377713
180000.0,0.30763,call,1.945998239952703,167.346744465,,38.572435678692955,-128.77430878630705,-76.95059094097869,23.30007120356504,-144.04667326143496,-86.07677055322807
190000.0,0.30763,call,2.0541092532834084,129.778418508,,18.069635842010598,-111.70878266598939,-86.07654797326974,9.058359440155186,-120.7200590678448,-93.02013420698543
200000.0,0.30763,call,2.1622202666141144,98.3454204,,8.313325504300636,-90.03209489569936,-91.54680973400909,3.3314946117267823,-95.01392578827321,-96.61245577254476
210000.0,0.30763,call,2.27033127994482,78.45768667349999,,3.7600725151196315,-74.69761415838036,-95.20751544617025,1.156244185488319,-77.30144248801167,-98.52628310301832
220000.0,0.30763,call,2.378442293275526,64.86231167999999,,1.67322428316157,-63.18908739683842,-97.42034435741903,0.3775805069566287,-64.48473117304336,-99.41787380502342
230000.0,0.30763,call,2.4865533066062313,49.9013765655,,0.732999812473011,-49.16837675302699,-98.53110302175556,0.115624784815894,-49.78575178068411,-99.76829339634725
300000.0,0.30763,put,3.2433303999211716,206173.935770991,,206581.01529693906,407.07952594806557,0.19744470823908206,206581.01380628333,407.07803529233206,0.19744398523026527
320000.0,0.30763,put,3.459552426582583,226172.75397785095,,226519.5825646012,346.82858675025636,0.15334675846243673,226519.58234232676,346.82836447580485,0.15334666018603182
340000.0,0.30763,put,3.6757744532439944,246170.17295469297,,246458.15091258235,287.97795788937947,0.11698328616862169,246458.15088150857,287.97792681559804,0.11698327354573523
20000.0,0.55694,call,0.21622202666141144,75163.6611831875,,72608.7273276404,-2554.933855547104,-3.3991609979192816,72608.92944313533,-2554.7317400521715,-3.398892097373791
20000.0,0.55694,put,0.21622202666141144,77.8875084845,,0.13464904775306796,-77.75285943674693,-99.8271236936795,0.33676454266845246,-77.55074394183156,-99.56762701847695
30000.0,0.55694,call,0.32433303999211716,65321.238104903,,62673.49196478838,-2647.746140114621,-4.053423077900726,62678.96653818172,-2642.2715667212833,-4.045042077245861
30000.0,0.55694,put,0.32433303999211716,235.4025928485,,9.360089756549286,-226.04250309195072,-96.02379496194708,14.834663149870664,-220.56792969862934,-93.69817342690956
40000.0,0.55694,call,0.4324440533228229,55654.858500741495,,52828.81316506475,-2826.0453356767466,-5.077805265894432,52857.44053442415,-2797.417966317342,-5.026367942845585
40000.0,0.55694,put,0.4324440533228229,568.9602004789999,,109.14209359373547,-459.81810688526446,-80.81727096168586,137.7694629531229,-431.190737525877,-75.7857469051198
50000.0,0.55694,call,0.5405550666535286,46269.759364697,,43318.309620583634,-2951.4497441133644,-6.378787753897998,43381.420148989506,-2888.3392157074923,-6.2423908301352515
50000.0,0.55694,put,0.5405550666535286,1183.799227083,,543.0993526734305,-640.6998744095695,-54.12234268713946,606.2098810793082,-577.5893460036918,-48.79115755354309
60000.0,0.55694,call,0.6486660799842343,37330.4502815475,,34505.626477392005,-2824.823804155494,-7.567076697041099,34577.463950260695,-2752.9863312868038,-7.374640033869641
60000.0,0.55694,put,0.6486660799842343,2244.4283065819995,,1674.877013042602,-569.5512935393976,-25.376230190518196,1746.7144859112923,-497.71382067070726,-22.175527692781014
70000.0,0.55694,call,0.75677709331494,29117.0907417364,,26725.57190914829,-2391.51883258811,-8.213453925738913,26745.54064462021,-2371.550097116189,-8.14487311988492
70000.0,0.55694,put,0.75677709331494,4030.9631078805,,3839.2832483597176,-191.67985952078243,-4.755187641039182,3859.2519838316457,-171.71112404885434,-4.259803909223592
75000.0,0.55694,call,0.8108325999802929,25374.463375063,,23290.165129526038,-2084.29824553696,-8.21415694483346,23258.85532693559,-2115.6080481274075,-8.337547938872047
75000.0,0.55694,put,0.8108325999802929,5288.3472177855,,5376.106870517884,87.75965273238398,1.659491124887473,5344.797067927422,56.44985014192207,1.0674384229551497
80000.0,0.55694,call,0.8648881066456457,21962.3747287725,,20172.661421151606,-1789.713307620892,-8.148997226953886,20076.09304131524,-1886.28168745726,-8.588696398964895
80000.0,0.55694,put,0.8648881066456457,6876.2281282475,,7230.833563923847,354.60543567634704,5.156976020321814,7134.265184087486,258.03705583998635,3.7525959149024133
85000.0,0.55694,call,0.9189436133109986,18816.1693312945,,17372.02661086037,-1444.1427204341308,-7.675009163699835,17200.33133277449,-1615.8379985200081,-8.587497115220971
85000.0,0.55694,put,0.9189436133109986,8729.992287522,,9402.429155413018,672.4368678910178,7.702605520650333,9230.733877327144,500.74158980514403,5.735876657312364
90000.0,0.55694,call,0.9729991199763515,16011.2890881955,,14879.340241908067,-1131.9488462874342,-7.069692140665776,14627.510020018155,-1383.7790681773458,-8.642521289541591
90000.0,0.55694,put,0.9729991199763515,10925.080650319,,11881.973188241129,956.8925379221291,8.758677107744637,11630.142966351217,705.0623160322175,6.45361200158857
95000.0,0.55694,call,1.0270546266417042,13474.009340748,,12679.6081676354,-794.4011731125993,-5.895803936473289,12347.611974059728,-1126.397366688272,-8.359778728086743
95000.0,0.55694,put,1.0270546266417042,13387.7695087675,,14654.471515748875,1266.7020069813752,9.46163590695094,14322.475322173217,934.705813405717,6.981788958897063
100000.0,0.55694,call,1.0811101333070572,11298.578985232,,10753.540142994047,-545.0388422379528,-4.82395921602491,10345.929182264234,-952.6498029677659,-8.431589531860096
100000.0,0.55694,put,1.0811101333070572,16212.308710004,,17700.633892887934,1488.3251828839348,9.180217386099649,17293.02293215812,1080.7142221541217,6.666010631090772
105000.0,0.55694,call,1.13516563997241,9443.7333437937,,9079.149600091849,-364.58374370185084,-3.8605891381023647,8604.30447007401,-839.4288737196894,-8.888739687587126
105000.0,0.55694,put,1.13516563997241,19357.4177699375,,20998.47375176615,1641.0559818286492,8.477659579043884,20523.628621748292,1166.2108518107925,6.024619945031842
110000.0,0.55694,call,1.189221146637763,7878.083054822299,,7633.103120162203,-244.97993466009666,-3.109638892549382,7102.277052267433,-775.8060025548666,-9.847649449189083
110000.0,0.55694,put,1.189221146637763,22791.739342911,,24524.657673616894,1732.918330705892,7.603273732791649,23993.83160572213,1202.0922628111293,5.274245395338905
115000.0,0.55694,call,1.2432766533031157,6600.911432098499,,6391.797227160696,-209.11420493780315,-3.1679595626891115,5818.090181556112,-782.8212505423871,-11.859290320662886
115000.0,0.55694,put,1.2432766533031157,26514.547925415,,28255.582182395803,1741.0342569808017,6.566335816391451,27681.87513679122,1167.3272113762177,4.402591417586642
120000.0,0.55694,call,1.2973321599684686,5516.555630354999,,5332.172377435938,-184.3832529190613,-3.3423618879956067,4729.541640112919,-787.0139902420806,-14.266401772720544
120000.0,0.55694,put,1.2973321599684686,30430.161680424,,32168.187734451443,1738.026054027443,5.71152421824144,31565.556997128413,1135.3953167044128,3.7311511145694074
125000.0,0.55694,call,1.3513876666338214,4600.11062709,,4432.2923180241705,-167.81830906582945,-3.6481363747547575,3814.6736666711477,-785.4369604188523,-17.074305904588964
130000.0,0.55694,call,1.4054431732991743,3828.6759943574993,,3671.7253225439745,-156.95067181352488,-4.099345884708722,3052.309410248781,-776.3665841087181,-20.277677851374374
135000.0,0.55694,call,1.459498679964527,3200.385200848,,3031.7655907256976,-168.61961012230222,-5.268728591721503,2422.449411883719,-777.9357889642806,-24.307567375269468
140000.0,0.55694,call,1.51355418662988,2688.5077686335,,2495.5309330100627,-192.97683562343718,-7.177841845014359,1906.545035540159,-781.9627330933408,-29.085381199801873
145000.0,0.55694,call,1.5676096932952328,2278.5516937975,,2047.9686234470064,-230.58307035049347,-10.11972082872507,1487.667088838256,-790.8846049592439,-34.70996980723017
150000.0,0.55694,call,1.6216651999605858,1937.5365186375,,1675.7962396414914,-261.74027899600856,-13.508921069527382,1150.5877815579233,-786.9487370795766,-40.61594346789236
155000.0,0.55694,call,1.6757207066259385,1670.9268154589995,,1367.3991936498196,-303.5276218091799,-18.165225370795284,881.7931774768449,-789.1336379821546,-47.22730108112973
160000.0,0.55694,call,1.7297762132912915,1440.6571654427,,1112.7019326147401,-327.9552328279599,-22.76428012817209,669.44177297039,-771.21539247231,-53.53219426325645
165000.0,0.55694,call,1.7838317199566442,1249.3379622019995,,903.025666345995,-346.31229585600454,-27.719664841178577,503.28304326791704,-746.0549189340825,-59.71602092512549
170000.0,0.55694,call,1.8378872266219972,1069.2748902923,,730.9420307938135,-338.3328594984864,-31.64133587818553,374.54791075067214,-694.7269795416278,-64.9717846971713
180000.0,0.55694,call,1.945998239952703,828.4175610645,,475.2356098572027,-353.1819512072973,-42.633325005021085,200.9045761570403,-627.5129849074597,-75.74839240504728
190000.0,0.55694,call,2.0541092532834084,640.034822141,,305.89568321115667,-334.1391389298433,-52.20639992869518,102.9526891098086,-537.0821330311913,-83.91451753118395
200000.0,0.55694,call,2.1622202666141144,522.0782207464999,,194.95908037769618,-327.11914036880376,-62.65711293243922,50.19968011324079,-471.87854063325915,-90.38464388699032
210000.0,0.55694,call,2.27033127994482,431.0242023065,,123.03988001493508,-307.9843222915649,-71.45406699750893,23.183449781778336,-407.84075252472167,-94.62131136541315
220000.0,0.55694,call,2.378442293275526,354.3243135905,,76.89052889269283,-277.4337846978072,-78.29939240874201,10.087561663526301,-344.23675192697374,-97.15301454723632
230000.0,0.55694,call,2.4865533066062313,295.9645450465,,47.57593410610798,-248.38861094039203,-83.92512383581852,4.110785334096249,-291.85375971240376,-98.6110548027128
240000.0,0.55694,call,2.5946643199369372,253.7351061685,,29.142528778166138,-224.59257739033387,-88.51458545952518,1.5582291559038453,-252.17687701259615,-99.38588349896325
250000.0,0.55694,call,2.7027753332676427,227.1833892625,,17.66886394908954,-209.51452531341045,-92.22264268243926,0.5451650382498627,-226.6382242242501,-99.76003305522484
260000.0,0.55694,call,2.8108863465983487,200.100143573,,10.600546262263109,-189.49959731073687,-94.70237948210374,0.1744847807758636,-199.92565879222414,-99.9128012715732
280000.0,0.55694,call,3.02710837325976,164.49912535649997,,3.693041413746265,-160.8060839427537,-97.75497808529816,0.013119251299007262,-164.48600610520097,-99.99202472884244
300000.0,0.55694,call,3.2433303999211716,127.321587063,,1.228990214153594,-126.0925968488464,-99.03473539522761,0.0005987853576888639,-127.3209882776423,-99.99952970633534
320000.0,0.55694,call,3.459552426582583,104.45729166399998,,0.38945185070812816,-104.06783981329185,-99.62716642897381,1.4500633620663777e-05,-104.45727716336636,-99.99998611812217
340000.0,0.55694,call,3.6757744532439944,92.9072377585,,0.11709286019385612,-92.79014489830615,-99.87396798891146,1.552614844754223e-07,-92.90723760323851,-99.99999983288548
360000.0,0.55694,call,3.891996479905406,84.05488750209999,,0.03326692000338216,-84.0216205820966,-99.96042238471551,5.715892727922726e-10,-84.0548875015284,-99.99999999931998
380000.0,0.55694,call,4.108218506566817,72.66445373,,0.008890718928077634,-72.65556301107193,-99.98776469309037,5.077871066639113e-13,-72.6644537299995,-99.9999999999993
40000.0,0.80626,call,0.4324440533228229,57455.2076598164,,53232.152476666066,-4223.055183150333,-7.350169558440036,53278.333228850024,-4176.874430966374,-7.269792593383382
40000.0,0.80626,put,0.4324440533228229,1048.3514923056,,413.4308142685154,-634.9206780370846,-60.563721490082244,459.6115664524855,-588.7399258531145,-56.15863860300527
50000.0,0.80626,call,0.5405550666535286,48403.071189286806,,44240.639256747934,-4162.4319325388715,-8.599520299571724,44280.99918299445,-4122.072006292357,-8.516137313213934
50000.0,0.80626,put,0.5405550666535286,1996.130738882,,1341.6157501795924,-654.5149887024077,-32.78918439325225,1381.975676426101,-614.155062455899,-30.767276436005247
60000.0,0.80626,call,0.6486660799842343,39880.0426224732,,36113.238435402585,-3766.8041870706147,-9.445336412323554,36075.35518000834,-3804.687442464863,-9.540329428637184
60000.0,0.80626,put,0.6486660799842343,3473.0304978264003,,3133.913084663429,-339.1174131629714,-9.764308530409057,3096.0298292691623,-377.000668557238,-10.855092369421584
70000.0,0.80626,call,0.75677709331494,32114.510933386,,29015.293348275663,-3099.2175851103348,-9.650520886146866,28815.52952720695,-3298.9814061790494,-10.272556891873617
70000.0,0.80626,put,0.75677709331494,5707.423601755399,,5955.666153365688,248.2425516102885,4.349467797237583,5755.902332296984,48.47873054158481,0.8493978005535542
75000.0,0.80626,call,0.8108325999802929,28600.084515741204,,25870.81310856193,-2729.2714071792725,-9.542878817987788,25563.925138950297,-3036.159376790907,-10.615910505858244
75000.0,0.80626,put,0.8108325999802929,7192.934804199201,,7771.0349915665465,578.1001873673458,8.03705584860652,7464.147021954912,271.2122177557112,3.770536298999663
80000.0,0.80626,call,0.8648881066456457,25343.434671598403,,22993.22176762308,-2350.2129039753236,-9.273458528528234,22567.27760046655,-2776.1570711318527,-10.954146930380377
80000.0,0.80626,put,0.8648881066456457,8936.2423365768,,9853.292728542285,917.0503919654839,10.262147750983862,9427.348561385774,491.1062248089729,5.495668160193388
85000.0,0.80626,call,0.9189436133109986,22360.891899929095,,20374.56874554661,-1986.323154382484,-8.883022928029014,19822.630767964874,-2538.26113196422,-11.351341186763078
85000.0,0.80626,put,0.9189436133109986,10953.5757614024,,12194.48878438042,1240.9130229780203,11.328839549827011,11642.550806798685,688.9750453962843,6.289955539670032
90000.0,0.80626,call,0.9729991199763515,19654.4001245956,,18003.566397284136,-1650.833727311463,-8.39930863748725,17323.8272603167,-2330.5728642789,-11.85776645181051
90000.0,0.80626,put,0.9729991199763515,13247.1244707452,,14783.335514032537,1536.211043287336,11.596562308143831,14103.5963770651,856.4719063198991,6.465342031105105
95000.0,0.80626,call,1.0270546266417042,17191.7476307164,,15866.587337934216,-1325.1602927821841,-7.70811857669739,15062.145493516233,-2129.602137200167,-12.38735108811869
95000.0,0.80626,put,1.0270546266417042,15784.4293533864,,17606.20553259721,1821.7761792108104,11.541603047055773,16801.763688179228,1017.3343347928276,6.445176521852329
100000.0,0.80626,call,1.0811101333070572,15033.5758489532,,13948.510969376191,-1085.0648795770085,-7.217610038216972,13026.877756558948,-2006.698092394252,-13.348109009833346
100000.0,0.80626,put,1.0811101333070572,18626.2835339378,,20647.978241953773,2021.6947080159734,10.853988689329078,19726.345029136537,1100.0614951987372,5.905963437066676
105000.0,0.80626,call,1.13516563997241,13138.9852772612,,12233.415951754818,-905.5693255063816,-6.892231830669545,11205.841963332954,-1933.1433139282453,-14.713033564881245
105000.0,0.80626,put,1.13516563997241,21731.6616126757,,23892.73230224698,2161.070689571279,9.944341707910473,22865.158313825115,1133.4967011494155,5.215876822268696
110000.0,0.80626,call,1.189221146637763,11471.3857850396,,10705.128296870967,-766.2574881686323,-6.679729045186036,9585.826400549431,-1885.5593844901687,-16.437067149718036
110000.0,0.80626,put,1.189221146637763,25063.9415654012,,27324.293725277726,2260.3521598765255,9.018342761366647,26204.991828956197,1141.0502635549965,4.552557148992585
115000.0,0.80626,call,1.2432766533031157,10011.5497678595,,9347.641308223996,-663.9084596355042,-6.631425453898032,8152.97063244371,-1858.57913541579,-18.5643499609068
115000.0,0.80626,put,1.2432766533031157,28604.027542409203,,30926.655814545345,2322.628272136142,8.1199343997713,29731.985138765063,1127.95759635586,3.9433523642204436
120000.0,0.80626,call,1.2973321599684686,8766.3162044248,,8145.4260549463,-620.8901494785005,-7.082680284394784,6893.087701808843,-1873.228502615957,-21.36847974603568
120000.0,0.80626,put,1.2973321599684686,32358.7877018924,,34684.28963918225,2325.5019372898496,7.186616379802913,33431.951286044794,1073.163584152393,3.31645175968577
125000.0,0.80626,call,1.3513876666338214,7670.213487108199,,7083.651072560293,-586.562414547906,-7.647276252920178,5791.933569906556,-1878.279917201643,-24.487974426769007
125000.0,0.80626,put,1.3513876666338214,36262.6154788604,,38582.36373471082,2319.74825585042,6.3970792652911,37290.6462320571,1028.0307531966973,2.834960301735534
130000.0,0.80626,call,1.4054431732991743,6708.1121995104,,6148.328630406908,-559.7835691034925,-8.344874868735037,4835.429830357592,-1872.682369152808,-27.916682271496413
130000.0,0.80626,put,1.4054431732991743,40300.499414084,,42606.89037047205,2306.3909563880516,5.722983560799315,41293.991570422746,993.492156338747,2.465210532829146
135000.0,0.80626,call,1.459498679964527,5877.4485574952005,,5326.402902710357,-551.0456547848435,-9.37559298723464,4009.845422475286,-1867.6031350199146,-31.775746172006198
140000.0,0.80626,call,1.51355418662988,5180.6029496312,,4605.793164727067,-574.8097849041333,-11.095422492184102,3301.9425570247295,-1878.6603926064709,-36.26335410900791
145000.0,0.80626,call,1.5676096932952328,4563.5117420452,,3975.4029616723,-588.1087803728997,-12.887197702472236,2699.0914775782585,-1864.4202644669413,-40.8549461435455
150000.0,0.80626,call,1.6216651999605858,4038.5599457273,,3425.1042017384516,-613.4557439888486,-15.189962566678503,2189.358089771893,-1849.2018559554072,-45.78864448729599
155000.0,0.80626,call,1.6757207066259385,3579.9543932747,,2945.70336661522,-634.25102665948,-17.716734823521314,1761.5679427632695,-1818.3864505114307,-50.79356468695384
160000.0,0.80626,call,1.7297762132912915,3184.4500372496004,,2528.8955298025103,-655.5545074470901,-20.58611376466407,1405.3495649933293,-1779.1004722562711,-55.868374489959805
165000.0,0.80626,call,1.7838317199566442,2844.06464489,,2167.210615588241,-676.854029301759,-23.798827165123658,1111.1597494680982,-1732.904895421902,-60.93057337973854
170000.0,0.80626,call,1.8378872266219972,2553.1566351718,,1853.9552976938303,-699.2013374779699,-27.385759567035773,870.2930532104383,-1682.863581961362,-65.91305675408054
175000.0,0.80626,call,1.89194273328735,2296.552736506,,1583.1530986209727,-713.3996378850275,-31.06393450256236,674.8775169665187,-1621.6752195394815,-70.61345440761424
180000.0,0.80626,call,1.945998239952703,2067.3086366632,,1349.4845799920104,-717.8240566711897,-34.72263618217232,517.8584170640579,-1549.4502195991422,-74.95011591980177
190000.0,0.80626,call,2.0541092532834084,1697.5205981355998,,975.2082661918876,-722.3123319437123,-42.55102016064097,294.70882979712223,-1402.8117683384776,-82.63886575981445
200000.0,0.80626,call,2.1622202666141144,1419.6419227816,,699.5585920288381,-720.0833307527619,-50.72288435536294,159.5366664474177,-1260.1052563341823,-88.76218968408408
220000.0,0.80626,call,2.378442293275526,988.8471937274,,351.8158895536517,-637.0313041737484,-64.42161217776197,39.19946625899763,-949.6477274684024,-96.03584188662784
240000.0,0.80626,call,2.5946643199369372,743.9103068628,,171.30375454373666,-572.6065523190633,-76.97252572475377,7.206300989914013,-736.704005872886,-99.03129437468017
260000.0,0.80626,call,2.8108863465983487,552.5732506840001,,80.55067916629127,-472.0225715177088,-85.42262422826622,0.9077232460901996,-551.6655274379099,-99.83572797905678
280000.0,0.80626,call,3.02710837325976,449.8450601757,,36.46773158396064,-413.37732859173934,-91.89326841341392,0.06925433574334905,-449.77580583995666,-99.98460484689633
300000.0,0.80626,call,3.2433303999211716,350.4621100988,,15.84087474672441,-334.6212353520756,-95.48000360373946,0.002681825853509054,-350.45942827294647,-99.99923477438038
320000.0,0.80626,call,3.459552426582583,277.38373153960003,,6.576292271878614,-270.8074392677214,-97.62917160448548,4.0641178812365637e-05,-277.3836908984212,-99.99998534839133
