option_id,type,strike,maturity,moneyness,market_price,model_price,abs_difference,rel_difference_pct,market_iv
0,put,86000.0,0.00626,0.9297547146440691,56.86007198171429,26.74947678676108,-30.110595194953213,-52.95560512944218,
1,put,88000.0,0.00626,0.9513769173102102,138.43085490485714,120.6468065775698,-17.784048327287337,-12.846881816564832,
2,call,89000.0,0.00626,0.9621880186432809,3710.4479436157135,3732.2861550325906,21.83821141687713,0.5885599730472566,
3,put,89000.0,0.00626,0.9621880186432809,213.9056550805714,229.20064369948523,15.294988618913834,7.150343273137263,
4,call,90000.0,0.00626,0.9729991199763515,2838.5792305059995,2909.3075629687373,70.72833246273785,2.491680757141662,
5,put,90000.0,0.00626,0.9729991199763515,342.0364910734285,406.1594535949698,64.1229625215413,18.747403915968533,
6,call,91000.0,0.00626,0.983810221309422,2053.6211940302856,2177.171550038831,123.55035600854535,6.016219367412864,
7,put,91000.0,0.00626,0.983810221309422,557.0789286657142,673.9608426244085,116.88191395869433,20.981212525600935,
8,call,92000.0,0.00626,0.9946213226424926,1380.3934315334284,1554.9203082128806,174.52687667945224,12.64327058450117,
9,put,92000.0,0.00626,0.9946213226424926,883.8507152714285,1051.6470027577889,167.79628748636037,18.984686507249194,
10,call,93000.0,0.00626,1.0054324239755632,846.5644338802856,1053.6875405141036,207.123106633818,24.466313294601235,
11,put,93000.0,0.00626,1.0054324239755632,1350.021266720857,1550.3516370183497,200.33037029749266,14.839052927224355,
12,call,94000.0,0.00626,1.0162435253086337,479.7582935951429,673.7507013734903,193.9924077783474,40.43544642545631,
13,put,94000.0,0.00626,1.0162435253086337,1983.215600503714,2170.3521998370707,187.13659933335657,9.43601892229095,
14,call,95000.0,0.00626,1.0270546266417042,253.6347701685714,404.41188008808604,150.77710991951463,59.44654584200138,
15,put,95000.0,0.00626,1.0270546266417042,2757.092551145143,2900.9507805110043,143.85822936586146,5.2177511888786885,
16,call,96000.0,0.00626,1.037865727974775,124.49202199685712,226.77913146013452,102.2871094632774,82.16358592509624,
17,call,97000.0,0.00626,1.0486768293078454,62.26959761685714,118.27397421165551,56.00437659479837,89.93855547195201,
18,put,86000.0,0.009,0.9297547146440691,126.7629752454857,76.55594487895723,-50.20703036652847,-39.60701480010146,
19,call,88000.0,0.009,0.9513769173102102,4761.7377260208,4743.795499604355,-17.94222641644501,-0.3767999719597877,
20,put,88000.0,0.009,0.9513769173102102,255.4445496456,238.36157027937588,-17.082979366224123,-6.687548976842448,
21,call,89000.0,0.009,0.9621880186432809,3875.8991209008,3896.0005892492045,20.101468348404524,0.5186272325821712,
22,put,89000.0,0.009,0.9621880186432809,369.60450221520006,390.4766639740992,20.872161758899153,5.647161123255598,
23,call,90000.0,0.009,0.9729991199763515,3048.3995003588007,3116.1787642969866,67.77926393818598,2.223437706580396,
24,put,90000.0,0.009,0.9729991199763515,542.1025143016001,610.5648430717556,68.46232877015552,12.62903730641366,
25,call,91000.0,0.009,0.983810221309422,2302.0416229748,2419.1408609999853,117.09923802518551,5.086755897743704,
26,put,91000.0,0.009,0.983810221309422,795.7605461910857,913.4369438246358,117.6763976335501,14.787915560379203,
27,call,92000.0,0.009,0.9946213226424926,1648.2092918760002,1816.605822509926,168.39653063392575,10.216938556526154,
28,put,92000.0,0.009,0.9946213226424926,1141.9084961368,1310.811909384458,168.9034132476579,14.79132643456778,
29,call,93000.0,0.009,1.0054324239755632,1128.2185154380002,1315.1623815156854,186.94386607768524,16.569827876394083,
30,put,93000.0,0.009,1.0054324239755632,1621.9185333252285,1809.2784724400844,187.35993911485593,11.5517478384524,
31,call,94000.0,0.009,1.0162435253086337,736.1691234525429,915.025430177644,178.85630672510115,24.29554582325961,
32,put,94000.0,0.009,1.0162435253086337,2229.8396712536,2409.0515251519246,179.21185389832453,8.03698383380061,
33,call,95000.0,0.009,1.0270546266417042,457.2114981,609.9712557424609,152.75975764246095,33.4111802256228,
34,put,95000.0,0.009,1.0270546266417042,2950.9054503684006,3103.907354766634,153.00190439823336,5.184913816168936,
35,call,96000.0,0.009,1.037865727974775,274.02162866400005,388.4796276603338,114.45799899633374,41.7696951712815,
36,put,96000.0,0.009,1.037865727974775,3767.845118437629,3882.325730734374,114.48061229674477,3.038357700441126,
37,call,97000.0,0.009,1.0486768293078454,156.92340319817143,235.73910962626724,78.81570642809581,50.22559084355508,
38,call,98000.0,0.009,1.059487930640916,88.05750068920001,135.9431569849521,47.8856562957521,54.37998571497628,
39,put,75000.0,0.01996,0.8108325999802929,57.17633328,2.172574933953001,-55.003758346047,-96.20021989987777,
40,put,78000.0,0.01996,0.8432659039795045,106.31087104,12.491660013838555,-93.81921102616144,-88.24987520877474,
41,put,80000.0,0.01996,0.8648881066456457,170.648284629,34.631804987511714,-136.01647964148827,-79.70574092625459,
42,put,81000.0,0.01996,0.8756992079787163,208.5634421085,55.35687647474697,-153.20656563375303,-73.45801550113039,
43,call,82000.0,0.01996,0.8865103093117869,10800.209093544,10600.099500034528,-200.10959350947087,-1.852830734815029,
44,put,82000.0,0.01996,0.8865103093117869,258.758850003,86.21964765811572,-172.5392023448843,-66.67953669715409,
45,put,83000.0,0.01996,0.8973214106448574,318.875237824,130.97157300953404,-187.90366481446597,-58.92701675323485,
46,call,84000.0,0.01996,0.908132511977928,8940.31116352,8708.486299445096,-231.82486407490433,-2.59302903260058,
47,put,84000.0,0.01996,0.908132511977928,398.9202536,194.2072869061958,-204.71296669380422,-51.31676440250919,
48,call,85000.0,0.01996,0.9189436133109986,8040.74055488,7795.8231050219765,-244.91744985802325,-3.0459563790972037,
49,put,85000.0,0.01996,0.9189436133109986,499.343678944,281.3445124018326,-217.99916654216736,-43.65713950824145,
50,call,86000.0,0.01996,0.9297547146440691,7158.8174768,6913.198338796588,-245.61913800341154,-3.431001541796587,
51,put,86000.0,0.01996,0.9297547146440691,617.41804611,398.5201660952007,-218.89788001479928,-35.453754776678515,
52,call,87000.0,0.01996,0.9405658159771397,6318.885712128,6067.2686110751965,-251.61710105280326,-3.981985313800946,
53,put,87000.0,0.01996,0.9405658159771397,777.475053344,552.3908582925651,-225.0841950514349,-28.95066460117591,
54,call,88000.0,0.01996,0.9513769173102102,5515.434456224,5264.914655687229,-250.51980053677107,-4.542158963634625,
55,put,88000.0,0.01996,0.9513769173102102,974.015980608,749.837322823354,-224.1786577846459,-23.015911673719067,
56,call,89000.0,0.01996,0.9621880186432809,4751.263068288,4512.863798084531,-238.3992702034693,-5.017597779307358,
57,put,89000.0,0.01996,0.9621880186432809,1209.8471244765,997.5868851394043,-212.26023933709575,-17.54438515766532,
58,call,90000.0,0.01996,0.9729991199763515,4038.336148352,3817.260117798309,-221.076030553691,-5.4744335892867575,
59,put,90000.0,0.01996,0.9729991199763515,1496.903889888,1301.7836247719242,-195.12026511607587,-13.034922711749717,
60,call,91000.0,0.01996,0.983810221309422,3376.4738226015,3183.2253618839095,-193.24846071759066,-5.723380984742742,
61,put,91000.0,0.01996,0.983810221309422,1835.010956768,1667.5492887762957,-167.4616679917042,-9.125921966518064,
62,call,92000.0,0.01996,0.9946213226424926,2788.629247668,2614.4616142259983,-174.16763344200172,-6.245636044578172,
63,put,92000.0,0.01996,0.9946213226424926,2247.16361936,2098.585961037141,-148.5776583228594,-6.611786388975753,
64,call,93000.0,0.01996,1.0054324239755632,2276.8275728000003,2112.9466277302126,-163.88094506978769,-7.19777584510934,
65,put,93000.0,0.01996,1.0054324239755632,2735.374640064,2596.871394460104,-138.50324560389572,-5.063410458490438,
66,call,94000.0,0.01996,1.0162435253086337,1819.6490092515,1678.7635562627402,-140.88545298875988,-7.742452103260954,
67,put,94000.0,0.01996,1.0162435253086337,3278.199429774,3162.488742911388,-115.71068686261196,-3.529702488862586,
68,call,95000.0,0.01996,1.0270546266417042,1454.220371296,1310.0896255989646,-144.1307456970353,-9.911203868543398,
69,put,95000.0,0.01996,1.0270546266417042,3912.752730304,3793.6152321663685,-119.13749813763161,-3.0448511917177874,
70,call,96000.0,0.01996,1.037865727974775,1139.3453462085,1003.3460998964947,-135.9992463120052,-11.936613140570758,
71,put,96000.0,0.01996,1.037865727974775,4597.862811168,4486.672126382648,-111.19068478535246,-2.4183123627628764,
72,call,98000.0,0.01996,1.059487930640916,677.804910112,554.4018185829736,-123.40309152902637,-18.206284682805755,
73,call,100000.0,0.01996,1.0811101333070572,381.287529568,281.3610933345881,-99.92643623341195,-26.20763295002827,
74,put,100000.0,0.01996,1.0811101333070572,7839.785431456001,7763.888799495762,-75.89663196023866,-0.9680957804752468,
75,call,105000.0,0.01996,1.13516563997241,102.210388192,33.89497134084081,-68.31541685115918,-66.83803677844384,
76,put,105000.0,0.01996,1.13516563997241,12560.672907552,12515.424777095788,-45.248130456211584,-0.36023651590359085,
77,call,108000.0,0.01996,1.1675989439716217,54.476918144,6.713466292469207,-47.763451851530796,-87.67649396993538,
78,put,108000.0,0.01996,1.1675989439716217,15512.917837824,15487.644531803671,-25.273306020328164,-0.16291781007636186,
79,put,70000.0,0.03913,0.75677709331494,97.6278026704,7.874867513513891,-89.75293515688611,-91.93378597273141,
80,put,75000.0,0.03913,0.8108325999802929,217.8408791486,53.449780223862035,-164.39109892473797,-75.46384295144104,
81,call,80000.0,0.03913,0.8648881066456457,13102.403868216,12779.021807060475,-323.38206115552566,-2.468112450265638,
82,put,80000.0,0.03913,0.8648881066456457,490.5154357324,250.20964517501125,-240.30579055738878,-48.99046453014931,
83,put,82000.0,0.03913,0.8865103093117869,677.9545933372,423.88897060160525,-254.06562273559473,-37.475315490521055,
84,put,83000.0,0.03913,0.8973214106448574,794.5837378614002,542.0791855054849,-252.50455235591528,-31.77821799317517,
85,call,84000.0,0.03913,0.908132511977928,9546.628629677,9215.842223460291,-330.7864062167082,-3.4649552113969686,
86,put,84000.0,0.03913,0.908132511977928,934.7434238528,685.4651677662623,-249.27825608653768,-26.668094123526366,
87,call,85000.0,0.03913,0.9189436133109986,8691.7824525816,8388.156652051868,-303.62580052973135,-3.4932512656198567,
88,put,85000.0,0.03913,0.9189436133109986,1079.8978218924,857.3883729056979,-222.50944898670218,-20.604676153228947,
89,call,86000.0,0.03913,0.9297547146440691,7889.957537255601,7592.3451050024305,-297.6124322531705,-3.7720409881532815,
90,put,86000.0,0.03913,0.9297547146440691,1278.072555582,1061.185602404119,-216.88695317788097,-16.96984668285256,
91,call,87000.0,0.03913,0.9405658159771397,7107.804324105001,6831.64309141862,-276.1612326863806,-3.8853240760979193,
92,put,87000.0,0.03913,0.9405658159771397,1495.97535860955,1300.0923653681675,-195.88299324138256,-13.093998648710903,
93,call,88000.0,0.03913,0.9513769173102102,6348.264168344201,6109.081889530993,-239.18227881320763,-3.7676799904751417,
94,put,88000.0,0.03913,0.9513769173102102,1736.3812630599998,1577.139940028399,-159.2413230316008,-9.17087314976966,
95,call,89000.0,0.03913,0.9621880186432809,5641.401733666,5427.384520845371,-214.01721282062863,-3.793688571112485,
96,put,89000.0,0.03913,0.9621880186432809,2029.5230583838,1895.0513478906505,-134.47171049314943,-6.625778896064145,
97,call,90000.0,0.03913,0.9729991199763515,4966.7727854836,4788.86647725074,-177.90630823286028,-3.5819296737879274,
98,put,90000.0,0.03913,0.9729991199763515,2354.8910304694,2256.142080843885,-98.7489496255148,-4.193355376016324,
99,call,91000.0,0.03913,0.983810221309422,4339.8307009372,4195.347220067284,-144.4834808699161,-3.329242332856773,
100,put,91000.0,0.03913,0.983810221309422,2727.9495210580003,2662.2316002082807,-65.71792084971958,-2.4090592711639225,
101,call,92000.0,0.03913,0.9946213226424926,3761.998875934,3648.07813665671,-113.92073927729007,-3.0281970578475175,
102,put,92000.0,0.03913,0.9946213226424926,3150.1182711898005,3114.571293345565,-35.54697784423524,-1.128433118506663,
103,call,93000.0,0.03913,1.0054324239755632,3246.3722694742496,3147.6917868715464,-98.68048260270325,-3.0397155474311814,
104,put,93000.0,0.03913,1.0054324239755632,3634.0100766088,3613.793720108253,-20.21635650054668,-0.556309863604238,
105,call,94000.0,0.03913,1.0162435253086337,2762.896636617,2694.1759530708805,-68.72068354611929,-2.4872694343811435,
106,put,94000.0,0.03913,1.0162435253086337,4151.0181082622,4159.886662855453,8.868554593253066,0.213647697069812,
107,call,95000.0,0.03913,1.0270546266417042,2339.8906745476,2286.874337830799,-53.016336716801106,-2.2657612722462517,
108,put,95000.0,0.03913,1.0270546266417042,4728.0117952084,4752.193824163231,24.182028954830457,0.5114629574176975,
109,call,96000.0,0.03913,1.037865727974775,1987.7800786676,1924.5138934488023,-63.26618521879777,-3.1827557735262553,
110,put,96000.0,0.03913,1.037865727974775,5375.9027005828,5389.442156329096,13.539455746295971,0.25185455355857095,
111,call,97000.0,0.03913,1.0486768293078454,1657.5199568628,1605.2569033674445,-52.26305349535551,-3.1530874351747875,
112,put,97000.0,0.03913,1.0486768293078454,6045.604643946601,6069.793942795601,24.189298848999897,0.40011380620498205,
113,call,98000.0,0.03913,1.059487930640916,1375.3187970596,1326.7742551738338,-48.54454188576619,-3.529693769150346,
114,put,98000.0,0.03913,1.059487930640916,6763.4416431254,6790.920071149856,27.478428024455752,0.40627877749763386,
115,call,99000.0,0.03913,1.0702990319739865,1145.0392082496,1086.3350113042143,-58.704196945385775,-5.126828541978556,
116,call,100000.0,0.03913,1.0811101333070572,960.5219975274,880.9065155288627,-79.61548199853735,-8.288772376216842,
117,call,105000.0,0.03913,1.13516563997241,343.12445934180005,264.5275279136158,-78.59693142818423,-22.906245616810043,
118,call,115000.0,0.03913,1.2432766533031157,73.0930475256,8.973745294724267,-64.11930223087573,-87.7228469758614,
119,call,20000.0,0.05831,0.21622202666141144,72682.113086748,72509.17254586078,-172.94054088721168,-0.23794099200280905,
120,call,30000.0,0.05831,0.32433303999211716,62683.9615821744,62515.001959838686,-168.9596223357148,-0.2695420296852493,
121,call,40000.0,0.05831,0.4324440533228229,52694.5545790128,52520.831347395535,-173.72323161726672,-0.32967966615369637,
122,call,50000.0,0.05831,0.5405550666535286,42698.8396716,42526.66805241814,-172.17161918185593,-0.4032231800818028,
123,call,60000.0,0.05831,0.6486660799842343,32742.0482221416,32533.86966417901,-208.17855796259028,-0.6358140961438413,
124,put,60000.0,0.05831,0.6486660799842343,59.9327312355,1.3795766507319058,-58.553154584768095,-97.698124843817,
125,call,65000.0,0.05831,0.7027215866495872,27789.172817352,27545.251498313963,-243.92131903803602,-0.8777566739436292,
126,put,65000.0,0.05831,0.7027215866495872,107.0073025464,9.84676063452207,-97.16054191187793,-90.79804798345201,
127,call,70000.0,0.05831,0.75677709331494,22892.4114388464,22588.44052246069,-303.97091638571146,-1.3278239262723528,
128,put,70000.0,0.05831,0.75677709331494,210.197053284,50.12113463008427,-160.07591865391572,-76.15516780705534,
129,call,75000.0,0.05831,0.8108325999802929,18084.3249582312,17733.79490348822,-350.5300547429797,-1.938308759395709,
130,put,75000.0,0.05831,0.8108325999802929,402.06077509680006,192.5608655064425,-209.49990959035756,-52.10652781035863,
131,call,80000.0,0.05831,0.8648881066456457,13476.3915514321,13128.866513983288,-347.5250374488114,-2.578769221141255,
132,put,80000.0,0.05831,0.8648881066456457,794.0266790352,584.7178258503554,-209.30885318484457,-26.360430790457823,
133,call,82000.0,0.05831,0.8865103093117869,11710.6057060488,11406.245604501004,-304.36010154779615,-2.5990124609061604,
134,put,82000.0,0.05831,0.8865103093117869,1028.2718063136,860.9310563075996,-167.34075000600046,-16.273980184862253,
135,call,84000.0,0.05831,0.908132511977928,10037.5364224139,9776.968473268978,-260.56794914492093,-2.595935279129554,
136,put,84000.0,0.05831,0.908132511977928,1355.1446983104,1230.4880650151172,-124.65663329528275,-9.198769212668223,
137,call,85000.0,0.05831,0.9189436133109986,9245.4882832183,9002.649422577662,-242.838860640637,-2.6265660958266475,
138,put,85000.0,0.05831,0.9189436133109986,1563.0954934678998,1455.5860842935508,-107.509409174349,-6.877980879839114,
139,call,86000.0,0.05831,0.9297547146440691,8457.172944141601,8257.901001370039,-199.27194277156195,-2.3562476975193034,
140,put,86000.0,0.05831,0.9297547146440691,1774.7992063488,1710.254733055699,-64.54447329310096,-3.6367197518577257,
141,call,88000.0,0.05831,0.9513769173102102,6971.2160698607,6864.348368564926,-106.86770129577417,-1.5329850663760822,
142,put,88000.0,0.05831,0.9513769173102102,2288.8047305736,2315.536240190122,26.73150961652209,1.1679244305748562,
143,call,90000.0,0.05831,0.9729991199763515,5625.1269078816,5608.72060223177,-16.406305649830756,-0.2916610757144554,
144,put,90000.0,0.05831,0.9729991199763515,2942.7133320312,3058.7426137965085,116.0292817653085,3.9429352666581217,
145,call,92000.0,0.05831,0.9946213226424926,4455.4536869496005,4499.361988005854,43.90830105625355,0.9854956226986415,
146,put,92000.0,0.05831,0.9946213226424926,3773.0201920704,3948.2181395101215,175.1979474397217,4.643440493849674,
147,call,94000.0,0.05831,1.0162435253086337,3428.9928775368,3539.7299019673883,110.73702443058846,3.2294329088876923,
148,put,94000.0,0.05831,1.0162435253086337,4746.5394636288,4987.420193411192,240.88072978239143,5.074870474125048,
149,call,95000.0,0.05831,1.0270546266417042,2974.8135764832,3115.712100640965,140.89852415776522,4.736381643260291,
150,put,95000.0,0.05831,1.0270546266417042,5292.3701889498,5562.81946205454,270.4492731047403,5.110173012262533,
151,call,96000.0,0.05831,1.037865727974775,2604.7742665464,2728.0608749342427,123.28660838784253,4.733101442656101,
152,put,96000.0,0.05831,1.037865727974775,5922.3009336096,6174.585306317575,252.2843727079744,4.25990464746966,
153,call,98000.0,0.05831,1.059487930640916,1930.9591036849,2057.5804183919427,126.62131470704276,6.557431199107635,
154,put,98000.0,0.05831,1.059487930640916,7248.459486540001,7502.938989714807,254.47950317480536,3.5108081054651694,
155,call,100000.0,0.05831,1.0811101333070572,1423.9987263336,1517.2177168341732,93.21899050057323,6.546283277976389,
156,put,100000.0,0.05831,1.0811101333070572,8741.4864821544,8961.410428096584,219.92394594218422,2.5158643943585033,
157,call,102000.0,0.05831,1.1027323359731982,1043.1249467088,1092.7008006830656,49.575853974265556,4.752628544709248,
158,put,102000.0,0.05831,1.1027323359731982,10360.5918566856,10535.727651885012,175.1357951994123,1.6904033825673646,
159,call,104000.0,0.05831,1.1243545386393394,734.0774914535999,767.8529296607212,33.77543820712128,4.601072584345298,
160,put,104000.0,0.05831,1.1243545386393394,12051.525409216802,12209.713920802184,158.188511585382,1.3126015687972754,
161,call,105000.0,0.05831,1.13516563997241,642.1287267396999,637.5525774968155,-4.576149242884412,-0.7126529389393675,
162,put,105000.0,0.05831,1.13516563997241,12959.61320023,13078.830638608051,119.21743837805116,0.9199150972803367,
163,call,106000.0,0.05831,1.1459767413054807,542.3991326808,525.8973619471617,-16.501770733638295,-3.0423667257870655,
164,put,106000.0,0.05831,1.1459767413054807,13859.8271314152,13966.592493028176,106.76536161297554,0.7703224621826429,
165,call,108000.0,0.05831,1.1675989439716217,376.8273044616,350.60377427804633,-26.22353018355369,-6.959031331612531,
166,put,108000.0,0.05831,1.1675989439716217,15694.234457352,15790.133045298586,95.8985879465854,0.6110434262160617,
167,call,110000.0,0.05831,1.189221146637763,274.5969176173,227.16336667897122,-47.43355093832878,-17.273883243087212,
168,put,110000.0,0.05831,1.189221146637763,17592.0504752131,17665.52677763904,73.47630242594096,0.4176676421515947,
169,call,112000.0,0.05831,1.210843349303904,209.9940807552,142.74412550223497,-67.24995525296504,-32.024690891816846,
170,put,112000.0,0.05831,1.210843349303904,19527.3623224032,19579.94167640184,52.57935399863709,0.26925988840957926,
171,call,114000.0,0.05831,1.2324655519700451,164.2418484072,86.73665784783998,-77.50519055936002,-47.189672614499365,
172,put,114000.0,0.05831,1.2324655519700451,21481.5901710264,21522.76834868698,41.17817766057851,0.19169054680187578,
173,call,115000.0,0.05831,1.2432766533031157,145.82843471409998,66.68108524015906,-79.14734947394092,-54.274291313015276,
174,put,115000.0,0.05831,1.2432766533031157,22463.252003234094,22502.129846049065,38.87784281497079,0.1730730831376216,
175,call,116000.0,0.05831,1.2540877546361862,132.3482837448,50.743423938616615,-81.60485980618338,-61.65917494142773,
176,put,116000.0,0.05831,1.2540877546361862,23449.6766873352,23485.609254717303,35.932567382104025,0.1532326771972538,
177,call,118000.0,0.05831,1.2757099573023274,113.9681150829,28.38586262838362,-85.58225245451638,-75.09315424955845,
178,put,118000.0,0.05831,1.2757099573023274,25431.276169260003,25462.085833346602,30.809664086598787,0.12114871421136113,
179,call,120000.0,0.05831,1.2973321599684686,91.2842274004,15.006599197665082,-76.27762820273492,-83.56057817979699,
180,put,120000.0,0.05831,1.2973321599684686,27408.6759532072,27447.5407098554,38.864756648199545,0.1417972787687755,
181,call,122000.0,0.05831,1.3189543626346096,77.0433671304,7.333111080741787,-69.71025604965821,-90.4818398340118,
182,put,122000.0,0.05831,1.3189543626346096,29394.4239443426,29438.70136167803,44.27741733543007,0.15063202945996812,
183,call,124000.0,0.05831,1.3405765653007509,63.6668837778,3.1514929149921045,-60.5153908628079,-95.05002800829558,
184,put,124000.0,0.05831,1.3405765653007509,31380.915370824005,31433.353883451797,52.43851262779208,0.1671031963476314,
185,call,125000.0,0.05831,1.3513876666338214,63.6678105965,1.8961951052919517,-61.771615491208046,-97.02173659259427,
186,put,125000.0,0.05831,1.3513876666338214,32380.90726494,32431.515655611875,50.608390671874076,0.15629083600961868,
187,call,126000.0,0.05831,1.3621987679668919,54.4290762504,1.0200299172046527,-53.40904633319535,-98.12594666771116,
188,put,126000.0,0.05831,1.3621987679668919,33371.657884696804,33430.05656039354,58.398675696735154,0.17499482914067316,
189,put,128000.0,0.05831,1.383820970633033,35362.4931601648,35427.90666298245,65.41350281765335,0.18497989528447747,
190,put,130000.0,0.05831,1.4054431732991743,37360.1181236376,37426.362020954315,66.24389731671545,0.17731179836608493,
191,put,135000.0,0.05831,1.459498679964527,42349.136127287,42423.442722008214,74.30659472121624,0.17546189017380678,
192,put,140000.0,0.05831,1.51355418662988,47343.4452190872,47420.720676340934,77.27545725373056,0.16322313869666552,
193,put,150000.0,0.05831,1.6216651999605858,57337.5446876064,57415.03014809918,77.48546049277502,0.13513913250897125,
194,put,160000.0,0.05831,1.7297762132912915,67329.37901977681,67409.21568856966,79.8366687928501,0.11857627376809683,
195,put,170000.0,0.05831,1.8378872266219972,77321.8991951952,77403.38739298702,81.48819779181213,0.10538825176306044,
196,put,200000.0,0.05831,2.1622202666141144,107320.8506162664,107385.89943871119,65.04882244479086,0.060611541998840196,
197,put,300000.0,0.05831,3.2433303999211716,207315.83321367364,207327.605920868,11.772707194351824,0.005678633904540268,
198,put,400000.0,0.05831,4.324440533228229,307314.5128769136,307269.31225941307,-45.20061750052264,-0.014708259976848704,
199,call,55000.0,0.1542,0.5946105733188815,38307.851194637,37654.31618704713,-653.5350075898677,-1.706008004127783,
200,put,55000.0,0.1542,0.5946105733188815,222.583348977,72.05725624609477,-150.52609273090525,-67.62684334777414,
201,call,60000.0,0.1542,0.6486660799842343,33441.549446343,32777.348434654356,-664.2010116886449,-1.9861550157966101,
202,put,60000.0,0.1542,0.6486660799842343,356.270379704,187.38544520906726,-168.88493449493274,-47.40358562371853,
203,call,65000.0,0.1542,0.7027215866495872,28646.1627578735,28021.606395630137,-624.556362243362,-2.1802444101233087,
204,put,65000.0,0.1542,0.7027215866495872,560.873401107,423.9393475406032,-136.93405356639676,-24.414431723117733,
205,call,70000.0,0.1542,0.75677709331494,23977.122405202,23460.620857830996,-516.5015473710046,-2.154143181330826,
206,put,70000.0,0.1542,0.75677709331494,891.8218274564998,855.2497510972025,-36.572076359297284,-4.10082768030043,
207,call,75000.0,0.1542,0.8108325999802929,19495.645837226,19181.105306275742,-314.54053095025665,-1.6133886180351955,
208,put,75000.0,0.1542,0.8108325999802929,1410.3340385015,1568.0301408977102,157.69610239621034,11.181471771309207,
209,call,80000.0,0.1542,0.8648881066456457,15284.6607523775,15272.361137246597,-12.299615130903476,-0.08047031811936221,
210,put,80000.0,0.1542,0.8648881066456457,2199.3386635255,2651.581913224305,452.2432496988049,20.562692649337922,
211,call,82000.0,0.1542,0.8865103093117869,13707.9993753015,13830.918988603808,122.91961330230697,0.8966998752843424,
212,put,82000.0,0.1542,0.8865103093117869,2622.6731703985,3207.0581411238236,584.3849707253235,22.28203564672641,
213,call,84000.0,0.1542,0.908132511977928,12219.254129845998,12465.704352918438,246.45022307243926,2.0169007081248527,
214,put,84000.0,0.1542,0.908132511977928,3133.923808892,3838.761881980754,704.8380730887538,22.490593775409927,
215,call,85000.0,0.1542,0.9189436133109986,11499.854856585998,11812.758733922288,312.90387733628995,2.7209376225917237,
216,put,85000.0,0.1542,0.9189436133109986,3414.5224776065,4184.275451255744,769.7529736492438,22.54350289674539,
217,call,86000.0,0.1542,0.9297547146440691,10792.707450769,11180.059700478552,387.3522497095528,3.589018339248631,
218,put,86000.0,0.1542,0.9297547146440691,3707.373013764,4550.035606083169,842.6625923191691,22.729371692319557,
219,call,88000.0,0.1542,0.9513769173102102,9479.0162767005,9976.488929554675,497.47265285417416,5.24814641448571,
220,put,88000.0,0.1542,0.9513769173102102,4393.6970890596,5343.3832117015845,949.6861226419842,21.61473818954709,
221,call,90000.0,0.1542,0.9729991199763515,8256.4005442435,8856.593069665774,600.1925254222751,7.269421126143636,
222,put,90000.0,0.1542,0.9729991199763515,5171.056944285,6220.405728354992,1049.3487840699918,20.292733098399186,
223,call,92000.0,0.1542,0.9946213226424926,7137.711589207,7821.036472090258,683.3248828832584,9.573444854741965,
224,put,92000.0,0.1542,0.9946213226424926,6052.2447242055005,7181.767507321769,1129.5227831162683,18.662873604545872,
225,call,94000.0,0.1542,1.0162435253086337,6119.508984447,6869.544579828675,750.0355953816743,12.25646693693763,
226,put,94000.0,0.1542,1.0162435253086337,7034.188715302001,8227.193991602486,1193.005276300485,16.960097668480955,
227,call,95000.0,0.1542,1.0270546266417042,5655.4581021125,6424.986814109405,769.5287119969053,13.606832516528785,
228,put,95000.0,0.1542,1.0270546266417042,7570.13825071,8781.095414154377,1210.9571634443773,15.996499975820152,
229,call,96000.0,0.1542,1.037865727974775,5230.4685007862,6000.932560200628,770.4640594144284,14.730306841511783,
230,put,96000.0,0.1542,1.037865727974775,8145.087460170499,9355.50034851674,1210.4128883462408,14.860649370128476,
231,call,98000.0,0.1542,1.059487930640916,4402.79727579,5213.162379117013,810.3651033270135,18.40568739748774,
232,put,98000.0,0.1542,1.059487930640916,9317.4372116275,10564.648543975432,1247.2113323479316,13.38577662526666,
233,call,100000.0,0.1542,1.0811101333070572,3744.7252919045,4503.4244387758845,758.6991468713845,20.26047540821142,
234,put,100000.0,0.1542,1.0811101333070572,10659.4094209694,11851.828980176593,1192.4195592071937,11.186544320752354,
235,call,102000.0,0.1542,1.1027323359731982,3148.986847865,3868.2387952197787,719.2519473547786,22.84074154969648,
236,put,102000.0,0.1542,1.1027323359731982,12063.5180196385,13213.561713162795,1150.0436935242942,9.533236421184181,
237,call,104000.0,0.1542,1.1243545386393394,2637.9912626825,3303.5702818322825,665.5790191497827,25.230524018983058,
238,put,104000.0,0.1542,1.1243545386393394,13552.6179195155,14645.811576317603,1093.1936568021029,8.066291422765824,
239,call,105000.0,0.1542,1.13516563997241,2406.4325896114,3046.297365170707,639.864775559307,26.58976521185805,
240,put,105000.0,0.1542,1.13516563997241,14321.046072131998,15386.997847927181,1065.9517757951835,7.443253589341281,
241,call,106000.0,0.1542,1.1459767413054807,2175.789051427,2804.951607181487,629.1625557544871,28.916523655721516,
242,put,106000.0,0.1542,1.1459767413054807,15090.335262386,16144.111278209108,1053.7760158231085,6.983118648461965,
243,call,108000.0,0.1542,1.1675989439716217,1804.9890106595,2367.6086464322543,562.6196357727542,31.170252696839768,
244,put,108000.0,0.1542,1.1675989439716217,16719.541344934,17703.686694002172,984.1453490681706,5.886198244106531,
245,call,110000.0,0.1542,1.189221146637763,1521.986883372,1986.5826465938553,464.59576322185535,30.525608879922267,
246,put,110000.0,0.1542,1.189221146637763,18436.6002612005,19319.57907070608,882.978809505581,4.78927132440895,
247,call,112000.0,0.1542,1.210843349303904,1248.9914097094995,1656.8448355893852,407.85342587988566,32.65462217828603,
248,put,112000.0,0.1542,1.210843349303904,20163.600671487,20986.759636243907,823.1589647569053,4.0824006494084175,
249,call,114000.0,0.1542,1.2324655519700451,1048.2106524176,1373.3998703588404,325.1892179412405,31.023269720759078,
250,put,114000.0,0.1542,1.2324655519700451,21962.8109560345,22700.233047555666,737.4220915211663,3.357594312482812,
251,call,115000.0,0.1542,1.2432766533031157,949.5296982038,1247.5076959923827,297.9779977885827,31.38164065350033,
252,call,116000.0,0.1542,1.2540877546361862,858.9292588525,1131.375586179347,272.44632732684704,31.719297546206075,
253,call,118000.0,0.1542,1.2757099573023274,700.4741314135,926.0975328201366,225.62340140663662,32.2100976022265,
254,call,120000.0,0.1542,1.2973321599684686,577.120483188,753.1477327267967,176.0272495387967,30.50095338263274,
255,call,122000.0,0.1542,1.3189543626346096,484.8963708255,608.4079204049012,123.51154957940122,25.47174138860474,
256,call,124000.0,0.1542,1.3405765653007509,409.3335694615,488.088188369391,78.75461890789097,19.23971664759791,
257,call,125000.0,0.1542,1.3513876666338214,376.0649368515,435.9953421219816,59.93040527048157,15.936185322735048,
258,call,130000.0,0.1542,1.4054431732991743,257.1561045385,240.922606097889,-16.233498440611015,-6.31270195578057,
259,call,140000.0,0.1542,1.51355418662988,133.51854660549998,61.42855877604438,-72.0899878294556,-53.99248992910025,
260,call,150000.0,0.1542,1.6216651999605858,86.883817307,9.67467055551549,-77.20914675148451,-88.86481872529785,
261,call,160000.0,0.1542,1.7297762132912915,49.700023288,-1.375850433006235,-51.07587372100623,-102.76830943324413,
262,call,50000.0,0.23091,0.5405550666535286,43750.2744977968,42754.423325990036,-995.8511718067675,-2.2762169683230606,
263,put,50000.0,0.23091,0.5405550666535286,286.9520503993,141.58723630528402,-145.36481409401597,-50.65822456808993,
264,call,60000.0,0.23091,0.6486660799842343,34123.0514789813,33251.42994098191,-871.6215379993955,-2.5543481612020726,
265,put,60000.0,0.23091,0.6486660799842343,659.7314767376,615.5294905030605,-44.201986234539504,-6.69999655816336,
266,call,65000.0,0.23091,0.7027215866495872,29448.4026505675,28754.6612573714,-693.7413931960982,-2.3557861573273793,
267,put,65000.0,0.23091,0.7027215866495872,985.0829362674,1107.228626495511,122.145690228111,12.39953365662144,
268,call,70000.0,0.23091,0.75677709331494,24949.3302953585,24505.826779832423,-443.50351552607754,-1.777616915066396,
269,put,70000.0,0.23091,0.75677709331494,1486.0118036353,1846.8619685594895,360.85016492418936,24.283129113875457,
270,call,75000.0,0.23091,0.8108325999802929,20669.6546956248,20562.152957477818,-107.50173814698064,-0.5200945043834517,
271,put,75000.0,0.23091,0.8108325999802929,2206.3364918452,2891.6559658078477,685.3194739626479,31.061421342376594,
272,call,80000.0,0.23091,0.8648881066456457,16666.2380067051,16972.692643444287,306.45463673918493,1.8387751129912655,
273,put,80000.0,0.23091,0.8648881066456457,3202.9200908691,4290.6634713772655,1087.7433805081655,33.96099027287973,
274,call,82000.0,0.23091,0.8865103093117869,15175.9287591564,15644.644512706975,468.71575355057394,3.088547402858452,
275,put,82000.0,0.23091,0.8865103093117869,3712.6111454245,4958.002468481136,1245.3913230566359,33.54488995141553,
276,call,84000.0,0.23091,0.908132511977928,13766.5662324541,14380.764693155746,614.1984607016457,4.461522578184375,
277,put,84000.0,0.23091,0.908132511977928,4303.2498554596,5689.509776771098,1386.2599213114972,32.21425591992358,
278,call,85000.0,0.23091,0.9189436133109986,13070.9046477646,13773.256785725986,702.3521379613849,5.373401129366374,
279,put,85000.0,0.23091,0.9189436133109986,4607.5888891388,6079.695433261906,1472.1065441231058,31.949607040532985,
280,call,86000.0,0.23091,0.9297547146440691,12412.77407500075,13182.176040433413,769.4019654326621,6.198469099524118,
281,put,86000.0,0.23091,0.9297547146440691,4949.4599922461,6486.308251889932,1536.8482596438316,31.050827000349162,
282,call,88000.0,0.23091,0.9513769173102102,11142.2439708162,12049.539673971653,907.2957031554524,8.142845422626216,
283,put,88000.0,0.23091,0.9513769173102102,5678.9281980299,7349.059013269347,1670.1308152394467,29.409260990812292,
284,call,90000.0,0.23091,0.9729991199763515,9962.0796990063,10983.055264935181,1020.9755659288803,10.248618729989891,
285,put,90000.0,0.23091,0.9729991199763515,6498.764228324099,8277.96173207405,1779.1975037499515,27.377474258806444,
286,call,92000.0,0.23091,0.9946213226424926,8854.7682236648,9982.470619199863,1127.7023955350633,12.735538266503957,
287,put,92000.0,0.23091,0.9946213226424926,7391.451868826851,9272.76421417993,1881.3123453530789,25.452541378067245,
288,call,94000.0,0.23091,1.0162435253086337,7848.4382685885,9047.09986523859,1198.6615966500895,15.272612915201822,
289,put,94000.0,0.23091,1.0162435253086337,8385.1234021145,10332.780588059832,1947.6571859453325,23.227531576389044,
290,call,95000.0,0.23091,1.0270546266417042,7367.2703530825,8603.543001667618,1236.272648585118,16.780606511444986,
291,put,95000.0,0.23091,1.0270546266417042,8903.9561049772,10886.917288409444,1982.961183432244,22.270563332222558,
292,call,96000.0,0.23091,1.037865727974775,6922.2419033876,8175.849305267831,1253.607401880231,18.109846771849185,
293,put,96000.0,0.23091,1.037865727974775,9458.9273390177,11456.917155930263,1997.9898169125627,21.122794850859396,
294,call,98000.0,0.23091,1.059487930640916,6075.3557161248,7367.249792721217,1291.894076596417,21.264500993210305,
295,put,98000.0,0.23091,1.059487930640916,10612.041453859,12643.704771224831,2031.663317365832,19.144886742098343,
296,call,100000.0,0.23091,1.0811101333070572,5316.6510695592,6619.494365353414,1302.843295794214,24.50496146443991,
297,put,100000.0,0.23091,1.0811101333070572,11853.2241952927,13891.336471698203,2038.1122764055035,17.194581346186837,
298,call,102000.0,0.23091,1.1027323359731982,4677.0985022931,5930.479792227408,1253.3812899343084,26.79826583339644,
299,put,102000.0,0.23091,1.1027323359731982,13213.7848442355,15197.709026413373,1983.9241821778724,15.014049385277808,
300,call,104000.0,0.23091,1.1243545386393394,4095.4117100054,5297.850681847063,1202.4389718416633,29.360637146785855,
301,put,104000.0,0.23091,1.1243545386393394,14632.0983540519,16560.467043874218,1928.3686898223186,13.179030397156383,
302,call,105000.0,0.23091,1.13516563997241,3817.410642720201,5001.886822296019,1184.4761795758182,31.028262097885996,
303,put,105000.0,0.23091,1.13516563997241,15354.096970502102,17262.19674824376,1908.0997777416596,12.427300553119158,
304,call,110000.0,0.23091,1.189221146637763,2673.3120006907,3711.8914845626387,1038.5794838719385,38.84991664286107,
305,put,110000.0,0.23091,1.189221146637763,19210.0004856828,20960.669230113344,1750.6687444305426,9.113319626073485,
306,call,120000.0,0.23091,1.2973321599684686,1311.2363111686002,1935.9996347831493,624.7633236145491,47.64689006040013,
307,call,130000.0,0.23091,1.4054431732991743,627.8698275406,937.810545575594,309.940718034994,49.36384970895138,
308,call,20000.0,0.30763,0.21622202666141144,73863.71035960199,72559.1175116309,-1304.5928479710856,-1.7662162401803765,
309,call,30000.0,0.30763,0.32433303999211716,63911.974834794,62597.018998161846,-1314.9558366321507,-2.057448295145282,
310,put,30000.0,0.30763,0.32433303999211716,70.652926545,7.357521320085652,-63.29540522491435,-89.58638844860938,
311,call,40000.0,0.30763,0.4324440533228229,54028.9948600155,52695.995173001524,-1332.999687013973,-2.467193199628572,
312,put,40000.0,0.30763,0.4324440533228229,187.580829441,75.61796578394569,-111.9628636570543,-59.68779645058031,
313,call,50000.0,0.30763,0.5405550666535286,44279.29963241849,43025.156967201365,-1254.1426652171285,-2.8323453072390623,
314,put,50000.0,0.30763,0.5405550666535286,438.216609273,374.0640296079582,-64.1525796650418,-14.639467858480018,
315,call,60000.0,0.30763,0.6486660799842343,34829.9643808065,33882.892354652315,-947.0720261541865,-2.7191300450369758,
316,put,60000.0,0.30763,0.6486660799842343,988.696066794,1201.0836866830869,212.38761988908686,21.48158842967653,
317,call,65000.0,0.30763,0.7027215866495872,30256.858919667,29622.429349075326,-634.4295705916738,-2.096812403019448,
318,put,65000.0,0.30763,0.7027215866495872,1415.5105975365,1925.2628159181913,509.75221838169136,36.011896998075784,
319,call,70000.0,0.30763,0.75677709331494,25896.247909392,25626.95766009319,-269.2902492988105,-1.0398813381808292,
320,put,70000.0,0.30763,0.75677709331494,2054.7924277095,2914.4332617481414,859.6408340386415,41.83589653368991,
321,call,75000.0,0.30763,0.8108325999802929,21761.386271169,21932.522010128458,171.13573895945592,0.7864192879393371,
322,put,75000.0,0.30763,0.8108325999802929,2919.8652091605,4204.639746595509,1284.7745374350088,44.00115914269887,
323,call,80000.0,0.30763,0.8648881066456457,17926.239749629498,18566.042364479938,639.8026148504396,3.5690843355124886,
324,put,80000.0,0.30763,0.8648881066456457,4084.6372131495,5822.802235759067,1738.1650226095671,42.553718528881,
325,call,85000.0,0.30763,0.9189436133109986,14478.114376749,15543.735190017549,1065.6208132685497,7.3602182268975165,
326,put,85000.0,0.30763,0.9189436133109986,5636.2411653225,7785.137196108757,2148.896030786257,38.12640317819508,
327,call,90000.0,0.30763,0.9729991199763515,11476.207419492,12870.626442601788,1394.4190231097873,12.150521266646049,
328,put,90000.0,0.30763,0.9729991199763515,7634.379479272499,10096.670583505096,2462.291104232597,32.25266848363732,
329,call,95000.0,0.30763,1.0270546266417042,8921.137199307,10541.092481785345,1619.955282478344,18.158618641177082,
330,put,95000.0,0.30763,1.0270546266417042,10079.3123427675,12751.778757500753,2672.4664147332533,26.514372447748435,
331,call,100000.0,0.30763,1.0811101333070572,6806.922373413,8540.23079224943,1733.3084188364292,25.463907530465136,
332,put,100000.0,0.30763,1.0811101333070572,12965.310316983,15735.559202776902,2770.2488857939024,21.366622302631733,
333,call,105000.0,0.30763,1.13516563997241,5192.43825192,6845.781889468977,1653.3436375489773,31.841373114790976,
334,put,105000.0,0.30763,1.13516563997241,16350.566975774998,19025.752434808543,2675.1854590335442,16.361423203226526,
335,call,110000.0,0.30763,1.189221146637763,3880.7884936965,5430.304093321953,1549.5155996254525,39.92785492284119,
336,put,110000.0,0.30763,1.189221146637763,20038.779528846,22594.91677347361,2556.137244627611,12.755952731292986,
337,call,115000.0,0.30763,1.2432766533031157,2944.1605725315,4263.33443062583,1319.1738580943297,44.80645078947085,
338,put,115000.0,0.30763,1.2432766533031157,24102.03550221,26412.58924558958,2310.55374337958,9.586550244553898,
339,call,120000.0,0.30763,1.2973321599684686,2196.508883838,3313.332967271672,1116.8240834336716,50.845416180708746,
340,put,120000.0,0.30763,1.2973321599684686,28354.1213174115,30447.2299170475,2093.1085996360016,7.382025971479074,
341,call,125000.0,0.30763,1.3513876666338214,1645.981401105,2549.2840741732834,903.3026730682834,54.87927582060571,
342,put,125000.0,0.30763,1.3513876666338214,32803.4844647535,34667.82315876121,1864.3386940077107,5.6833556691542775,
343,call,130000.0,0.30763,1.4054431732991743,1214.0165893605,1941.9001279023778,727.8835385418779,59.956638560046414,
344,put,130000.0,0.30763,1.4054431732991743,37371.87816451951,39045.0813473024,1673.2031827828905,4.47717177985294,
345,call,135000.0,0.30763,1.459498679964527,933.497413761,1464.430815630505,530.9334018695051,56.87572285073712,
346,put,135000.0,0.30763,1.459498679964527,42091.233718017,43552.25416984262,1461.0204518256214,3.471080134199623,
347,call,140000.0,0.30763,1.51355418662988,746.4186291225,1093.120537858289,346.70190873578906,46.44872129509638,
348,call,145000.0,0.30763,1.5676096932952328,583.3544772705,807.3779536543843,224.02347638388437,38.40263255235209,
349,call,150000.0,0.30763,1.6216651999605858,480.7534108665,589.7287512442999,108.97534037779991,22.667616685523875,
350,call,155000.0,0.30763,1.6757207066259385,385.2541670145,425.619535110829,40.36536809632901,10.47759415793931,
351,call,160000.0,0.30763,1.7297762132912915,317.1036964785,303.13145060238094,-13.972245876119075,-4.4062071906709575,
352,call,170000.0,0.30763,1.8378872266219972,224.5416493215,146.52691886128014,-78.01473046021985,-34.74399101278441,
353,call,180000.0,0.30763,1.945998239952703,167.346744465,64.66436991031264,-102.68237455468736,-61.359051162278824,
354,call,190000.0,0.30763,2.0541092532834084,129.778418508,24.076653733956846,-105.70176477404314,-81.44787553219207,
355,call,200000.0,0.30763,2.1622202666141144,98.3454204,5.354959000479539,-92.99046139952046,-94.55494828462847,
356,call,210000.0,0.30763,2.27033127994482,78.45768667349999,-2.313683504525727,-80.77137017802572,-102.94895707816887,
357,call,220000.0,0.30763,2.378442293275526,64.86231167999999,-4.7196596932507475,-69.58197137325074,-107.27642843896055,
358,call,230000.0,0.30763,2.4865533066062313,49.9013765655,-4.8344971041258304,-54.73587366962583,-109.68810368944457,
359,put,300000.0,0.30763,3.2433303999211716,206173.935770991,206580.45078984534,406.51501885434845,0.19717090685307942,
360,put,320000.0,0.30763,3.459552426582583,226172.75397785095,226519.32258869114,346.568610840186,0.15323181273820694,
361,put,340000.0,0.30763,3.6757744532439944,246170.17295469297,246458.03199284355,287.8590381505783,0.1169349782288848,
362,call,20000.0,0.55694,0.21622202666141144,75163.6611831875,72622.53731957672,-2541.1238636107882,-3.380787768463816,
363,put,20000.0,0.55694,0.21622202666141144,77.8875084845,13.944640984060243,-63.94286750043976,-82.09643464608283,
364,call,30000.0,0.55694,0.32433303999211716,65321.238104903,62801.52916198242,-2519.7089429205807,-3.8574114882422164,
365,put,30000.0,0.55694,0.32433303999211716,235.4025928485,137.39728695057784,-98.00530589792217,-41.633061349071994,
366,call,40000.0,0.55694,0.4324440533228229,55654.858500741495,53302.51011992591,-2352.348380815587,-4.226672107672767,
367,put,40000.0,0.55694,0.4324440533228229,568.9602004789999,582.8390484548872,13.878847975887311,2.439335469195015,
368,call,50000.0,0.55694,0.5405550666535286,46269.759364697,44385.94955327462,-1883.8098114223758,-4.0713628886077355,
369,put,50000.0,0.55694,0.5405550666535286,1183.799227083,1610.7392853644196,426.9400582814196,36.0652421892049,
370,call,60000.0,0.55694,0.6486660799842343,37330.4502815475,36281.37900930718,-1049.0712722403186,-2.810229355199812,
371,put,60000.0,0.55694,0.6486660799842343,2244.4283065819995,3450.6295449577883,1206.2012383757888,53.74202574608816,
372,call,70000.0,0.55694,0.75677709331494,29117.0907417364,29142.225573939926,25.134832203526457,0.08632329523051635,
373,put,70000.0,0.55694,0.75677709331494,4030.9631078805,6255.936913151352,2224.973805270852,55.19707687031534,
374,call,75000.0,0.55694,0.8108325999802929,25374.463375063,25958.238242218482,583.7748671554837,2.3006392628944976,
375,put,75000.0,0.55694,0.8108325999802929,5288.3472177855,8044.179983210328,2755.832765424828,52.111418784238516,
376,call,80000.0,0.55694,0.8648881066456457,21962.3747287725,23033.312441507813,1070.9377127353146,4.876238229977467,
377,put,80000.0,0.55694,0.8648881066456457,6876.2281282475,10091.484584280057,3215.2564560325573,46.75901375092989,
378,call,85000.0,0.55694,0.9189436133109986,18816.1693312945,20363.304088009994,1547.1347567154953,8.222368376236636,
379,put,85000.0,0.55694,0.9189436133109986,8729.992287522,12393.706632562651,3663.714345040651,41.96698260864779,
380,call,90000.0,0.55694,0.9729991199763515,16011.2890881955,17940.406707378395,1929.1176191828945,12.048484094919989,
381,put,90000.0,0.55694,0.9729991199763515,10925.080650319,14943.039653711458,4017.959003392458,36.77738528433782,
382,call,95000.0,0.55694,1.0270546266417042,13474.009340748,15753.905993033797,2279.8966522857972,16.9206996568642,
383,put,95000.0,0.55694,1.0270546266417042,13387.7695087675,17728.769341147272,4340.999832379772,32.42511629391961,
384,call,100000.0,0.55694,1.0811101333070572,11298.578985232,13790.913195612586,2492.3342103805862,22.058828934490208,
385,put,100000.0,0.55694,1.0811101333070572,16212.308710004,20738.00694550648,4525.698235502481,27.91519897909324,
386,call,105000.0,0.55694,1.13516563997241,9443.7333437937,12037.042687890404,2593.309344096704,27.460637119757237,
387,put,105000.0,0.55694,1.13516563997241,19357.4177699375,23956.366839564682,4598.949069627182,23.758071062398894,
388,call,110000.0,0.55694,1.189221146637763,7878.083054822299,10477.011875032495,2598.928820210195,32.989355432338954,
389,put,110000.0,0.55694,1.189221146637763,22791.739342911,27368.56642848719,4576.8270855761875,20.08107857288099,
390,call,115000.0,0.55694,1.2432766533031157,6600.911432098499,9095.152338101456,2494.2409060029568,37.786310749059865,
391,put,115000.0,0.55694,1.2432766533031157,26514.547925415,30958.937293336567,4444.389367921565,16.762078615949104,
392,call,120000.0,0.55694,1.2973321599684686,5516.555630354999,7875.8294397547725,2359.273809399773,42.76715341032372,
393,put,120000.0,0.55694,1.2973321599684686,30430.161680424,34711.84479677028,4281.683116346281,14.070523716936828,
394,call,125000.0,0.55694,1.3513876666338214,4600.11062709,6803.773646640078,2203.6630195500784,47.9045657418048,
395,call,130000.0,0.55694,1.4054431732991743,3828.6759943574993,5864.3307994885035,2035.6548051310042,53.1686360541097,
396,call,135000.0,0.55694,1.459498679964527,3200.385200848,5043.640854064222,1843.2556532162225,57.594806172951266,
397,call,140000.0,0.55694,1.51355418662988,2688.5077686335,4328.755610499975,1640.247841866475,61.00960023262909,
398,call,145000.0,0.55694,1.5676096932952328,2278.5516937975,3707.706005318425,1429.1543115209251,62.722049072279574,
399,call,150000.0,0.55694,1.6216651999605858,1937.5365186375,3169.528968368966,1231.9924497314662,63.58550860232657,
400,call,155000.0,0.55694,1.6757207066259385,1670.9268154589995,2704.2628934858476,1033.336078026848,61.84209077660851,
401,call,160000.0,0.55694,1.7297762132912915,1440.6571654427,2302.9196255098414,862.2624600671413,59.85202314265909,
402,call,165000.0,0.55694,1.7838317199566442,1249.3379622019995,1957.439661966544,708.1016997645445,56.67815444561468,
403,call,170000.0,0.55694,1.8378872266219972,1069.2748902923,1660.6360965106778,591.3612062183779,55.30488105418072,
404,call,180000.0,0.55694,1.945998239952703,828.4175610645,1188.2929706864497,359.87540962194976,43.441306236859226,
405,call,190000.0,0.55694,2.0541092532834084,640.034822141,843.3952186688539,203.36039652785394,31.773333183276947,
406,call,200000.0,0.55694,2.1622202666141144,522.0782207464999,593.2459117971048,71.16769105060484,13.631614616837465,
407,call,210000.0,0.55694,2.27033127994482,431.0242023065,413.0028802457491,-18.02132206075089,-4.181046438764936,
408,call,220000.0,0.55694,2.378442293275526,354.3243135905,283.9888475273874,-70.33546606311262,-19.850589802990708,
409,call,230000.0,0.55694,2.4865533066062313,295.9645450465,192.2850761782115,-103.6794688682885,-35.031043617741126,
410,call,240000.0,0.55694,2.5946643199369372,253.7351061685,127.59701456258927,-126.13809160591074,-49.71251062205999,
411,call,250000.0,0.55694,2.7027753332676427,227.1833892625,82.3604292402963,-144.8229600222037,-63.747160605508626,
412,call,260000.0,0.55694,2.8108863465983487,200.100143573,51.049556112863456,-149.05058746013654,-74.48799625961303,
413,call,280000.0,0.55694,3.02710837325976,164.49912535649997,15.255890727602605,-149.24323462889737,-90.72585298278014,
414,call,300000.0,0.55694,3.2433303999211716,127.321587063,-0.2717961425272506,-127.59338320552725,-100.2134721603751,
415,call,320000.0,0.55694,3.459552426582583,104.45729166399998,-6.062100525831454,-110.51939218983144,-105.80342494933812,
416,call,340000.0,0.55694,3.6757744532439944,92.9072377585,-7.411893021185421,-100.31913077968542,-107.97773478149426,
417,call,360000.0,0.55694,3.891996479905406,84.05488750209999,-6.915954574110998,-90.97084207621099,-108.22790295678905,
418,call,380000.0,0.55694,4.108218506566817,72.66445373,-5.797777923418934,-78.46223165341894,-107.97883645415101,
419,call,40000.0,0.80626,0.4324440533228229,57455.2076598164,54209.142648101864,-3246.065011714534,-5.649731580353855,
420,put,40000.0,0.80626,0.4324440533228229,1048.3514923056,1390.4209857043243,342.06949339872426,32.6292751915127,
421,call,50000.0,0.80626,0.5405550666535286,48403.071189286806,45988.62239418229,-2414.4487951045157,-4.988214044647052,
422,put,50000.0,0.80626,0.5405550666535286,1996.130738882,3089.598887613938,1093.468148731938,54.77938530941974,
423,call,60000.0,0.80626,0.6486660799842343,39880.0426224732,38644.945454577646,-1235.0971678955539,-3.0970307117965614,
424,put,60000.0,0.80626,0.6486660799842343,3473.0304978264003,5665.620103838475,2192.589606012075,63.13188460004338,
425,call,70000.0,0.80626,0.75677709331494,32114.510933386,32214.33007601642,99.819142630422,0.310822552575916,
426,put,70000.0,0.80626,0.75677709331494,5707.423601755399,9154.702881106445,3447.2792793510453,60.399919821805156,
427,call,75000.0,0.80626,0.8108325999802929,28600.084515741204,29336.199474071676,736.1149583304723,2.573820919743513,
428,put,75000.0,0.80626,0.8108325999802929,7192.934804199201,11236.421357076295,4043.4865528770943,56.21469765743639,
429,call,80000.0,0.80626,0.8648881066456457,25343.434671598403,26674.592485950176,1331.1578143517727,5.252475963108346,
430,put,80000.0,0.80626,0.8648881066456457,8936.2423365768,13534.663446869381,4598.42111029258,51.45810663024268,
431,call,85000.0,0.80626,0.9189436133109986,22360.891899929095,24220.932175345923,1860.040275416828,8.318274082004422,
432,put,85000.0,0.80626,0.9189436133109986,10953.5757614024,16040.85221417973,5087.276452777329,46.443979241040076,
433,call,90000.0,0.80626,0.9729991199763515,19654.4001245956,21965.349535975824,2310.949411380225,11.757923908795838,
434,put,90000.0,0.80626,0.9729991199763515,13247.1244707452,18745.118652724224,5497.994181979024,41.50330280447452,
435,call,95000.0,0.80626,1.0270546266417042,17191.7476307164,19897.111510084404,2705.363879368004,15.736409918758609,
436,put,95000.0,0.80626,1.0270546266417042,15784.4293533864,21636.7297047474,5852.300351360998,37.07641385277854,
437,call,100000.0,0.80626,1.0811101333070572,15033.5758489532,18004.979387770443,2971.4035388172433,19.76511489130608,
438,put,100000.0,0.80626,1.0811101333070572,18626.2835339378,24704.44666034804,6078.16312641024,32.63218406041975,
439,call,105000.0,0.80626,1.13516563997241,13138.9852772612,16277.502203940283,3138.5169266790836,23.887057184779053,
440,put,105000.0,0.80626,1.13516563997241,21731.6616126757,27936.81855443245,6205.156941756752,28.553531949611216,
441,call,110000.0,0.80626,1.189221146637763,11471.3857850396,14703.251428741485,3231.8656437018853,28.173280057556088,
442,put,110000.0,0.80626,1.189221146637763,25063.9415654012,31322.416857148244,6258.475291747043,24.970036238778885,
443,call,115000.0,0.80626,1.2432766533031157,10011.5497678595,13271.004011413079,3259.4542435535786,32.556939925700036,
444,put,115000.0,0.80626,1.2432766533031157,28604.027542409203,34850.01851773444,6245.990975325236,21.83605426216549,
445,call,120000.0,0.80626,1.2973321599684686,8766.3162044248,11969.880971612169,3203.5647671873685,36.54402479310943,
446,put,120000.0,0.80626,1.2973321599684686,32358.7877018924,38508.74455584811,6149.956853955711,19.005523045586937,
447,call,125000.0,0.80626,1.3513876666338214,7670.213487108199,10789.44845522497,3119.2349681167716,40.66685983850987,
448,put,125000.0,0.80626,1.3513876666338214,36262.6154788604,42288.16111737551,6025.545638515105,16.616412133944795,
449,call,130000.0,0.80626,1.4054431732991743,6708.1121995104,9719.787646297926,3011.6754467875253,44.89602077626751,
450,put,130000.0,0.80626,1.4054431732991743,40300.499414084,46178.34938636307,5877.849972279073,14.585054919257189,
451,call,135000.0,0.80626,1.459498679964527,5877.4485574952005,8751.539270261099,2874.0907127658984,48.900312519124,
452,call,140000.0,0.80626,1.51355418662988,5180.6029496312,7875.927717595219,2695.324767964019,52.027240731812796,
453,call,145000.0,0.80626,1.5676096932952328,4563.5117420452,7084.769115212384,2521.2573731671846,55.24818419854112,
454,call,150000.0,0.80626,1.6216651999605858,4038.5599457273,6370.467009304797,2331.907063577497,57.74105361601971,
455,call,155000.0,0.80626,1.6757207066259385,3579.9543932747,5725.998717026523,2146.044323751823,59.9461358441711,
456,call,160000.0,0.80626,1.7297762132912915,3184.4500372496004,5144.894864471065,1960.444827221465,61.5630581195959,
457,call,165000.0,0.80626,1.7838317199566442,2844.06464489,4621.214157176517,1777.1495122865167,62.48625591122073,
458,call,170000.0,0.80626,1.8378872266219972,2553.1566351718,4149.515024794313,1596.3583896225127,62.524890468190755,
459,call,175000.0,0.80626,1.89194273328735,2296.552736506,3724.8254389867598,1428.2727024807596,62.19202719697824,
460,call,180000.0,0.80626,1.945998239952703,2067.3086366632,3342.6119170681777,1275.3032804049776,61.689060732770805,
461,call,190000.0,0.80626,2.0541092532834084,1697.5205981355998,2689.486194219917,991.965596084317,58.43614487940827,
462,call,200000.0,0.80626,2.1622202666141144,1419.6419227816,2161.4784058298847,741.8364830482847,52.25518288405815,
463,call,220000.0,0.80626,2.378442293275526,988.8471937274,1390.9447118833114,402.0975181559113,40.663261291183815,
464,call,240000.0,0.80626,2.5946643199369372,743.9103068628,889.8879492337064,145.97764237090644,19.623016514789224,
465,call,260000.0,0.80626,2.8108863465983487,552.5732506840001,564.9277332903957,12.354482606395663,2.2358090246139724,
466,call,280000.0,0.80626,3.02710837325976,449.8450601757,354.749981237082,-95.09507893861797,-21.139518326927018,
467,call,300000.0,0.80626,3.2433303999211716,350.4621100988,219.27335460690028,-131.1887554918997,-37.433078130733115,
468,call,320000.0,0.80626,3.459552426582583,277.38373153960003,132.35724696498846,-145.02648457461157,-52.28370235328931,
